index,delta_lon_from_antisun_deg,lat_deg,filename
0,-140.0,-50.0,prob_maps_grid_dlon-140_lat-50.npz
1,-130.0,-50.0,prob_maps_grid_dlon-130_lat-50.npz
2,-120.0,-50.0,prob_maps_grid_dlon-120_lat-50.npz
3,-110.0,-50.0,prob_maps_grid_dlon-110_lat-50.npz
4,-100.0,-50.0,prob_maps_grid_dlon-100_lat-50.npz
5,-90.0,-50.0,prob_maps_grid_dlon-090_lat-50.npz
6,-80.0,-50.0,prob_maps_grid_dlon-080_lat-50.npz
7,-70.0,-50.0,prob_maps_grid_dlon-070_lat-50.npz
8,-60.0,-50.0,prob_maps_grid_dlon-060_lat-50.npz
9,-50.0,-50.0,prob_maps_grid_dlon-050_lat-50.npz
10,-40.0,-50.0,prob_maps_grid_dlon-040_lat-50.npz
11,-30.0,-50.0,prob_maps_grid_dlon-030_lat-50.npz
12,-20.0,-50.0,prob_maps_grid_dlon-020_lat-50.npz
13,-10.0,-50.0,prob_maps_grid_dlon-010_lat-50.npz
14,0.0,-50.0,prob_maps_grid_dlon+000_lat-50.npz
15,10.0,-50.0,prob_maps_grid_dlon+010_lat-50.npz
16,20.0,-50.0,prob_maps_grid_dlon+020_lat-50.npz
17,30.0,-50.0,prob_maps_grid_dlon+030_lat-50.npz
18,40.0,-50.0,prob_maps_grid_dlon+040_lat-50.npz
19,50.0,-50.0,prob_maps_grid_dlon+050_lat-50.npz
20,60.0,-50.0,prob_maps_grid_dlon+060_lat-50.npz
21,70.0,-50.0,prob_maps_grid_dlon+070_lat-50.npz
22,80.0,-50.0,prob_maps_grid_dlon+080_lat-50.npz
23,90.0,-50.0,prob_maps_grid_dlon+090_lat-50.npz
24,100.0,-50.0,prob_maps_grid_dlon+100_lat-50.npz
25,110.0,-50.0,prob_maps_grid_dlon+110_lat-50.npz
26,120.0,-50.0,prob_maps_grid_dlon+120_lat-50.npz
27,130.0,-50.0,prob_maps_grid_dlon+130_lat-50.npz
28,140.0,-50.0,prob_maps_grid_dlon+140_lat-50.npz
29,-140.0,-35.0,prob_maps_grid_dlon-140_lat-35.npz
30,-130.0,-35.0,prob_maps_grid_dlon-130_lat-35.npz
31,-120.0,-35.0,prob_maps_grid_dlon-120_lat-35.npz
32,-110.0,-35.0,prob_maps_grid_dlon-110_lat-35.npz
33,-100.0,-35.0,prob_maps_grid_dlon-100_lat-35.npz
34,-90.0,-35.0,prob_maps_grid_dlon-090_lat-35.npz
35,-80.0,-35.0,prob_maps_grid_dlon-080_lat-35.npz
36,-70.0,-35.0,prob_maps_grid_dlon-070_lat-35.npz
37,-60.0,-35.0,prob_maps_grid_dlon-060_lat-35.npz
38,-50.0,-35.0,prob_maps_grid_dlon-050_lat-35.npz
39,-40.0,-35.0,prob_maps_grid_dlon-040_lat-35.npz
40,-30.0,-35.0,prob_maps_grid_dlon-030_lat-35.npz
41,-20.0,-35.0,prob_maps_grid_dlon-020_lat-35.npz
42,-10.0,-35.0,prob_maps_grid_dlon-010_lat-35.npz
43,0.0,-35.0,prob_maps_grid_dlon+000_lat-35.npz
44,10.0,-35.0,prob_maps_grid_dlon+010_lat-35.npz
45,20.0,-35.0,prob_maps_grid_dlon+020_lat-35.npz
46,30.0,-35.0,prob_maps_grid_dlon+030_lat-35.npz
47,40.0,-35.0,prob_maps_grid_dlon+040_lat-35.npz
48,50.0,-35.0,prob_maps_grid_dlon+050_lat-35.npz
49,60.0,-35.0,prob_maps_grid_dlon+060_lat-35.npz
50,70.0,-35.0,prob_maps_grid_dlon+070_lat-35.npz
51,80.0,-35.0,prob_maps_grid_dlon+080_lat-35.npz
52,90.0,-35.0,prob_maps_grid_dlon+090_lat-35.npz
53,100.0,-35.0,prob_maps_grid_dlon+100_lat-35.npz
54,110.0,-35.0,prob_maps_grid_dlon+110_lat-35.npz
55,120.0,-35.0,prob_maps_grid_dlon+120_lat-35.npz
56,130.0,-35.0,prob_maps_grid_dlon+130_lat-35.npz
57,140.0,-35.0,prob_maps_grid_dlon+140_lat-35.npz
58,-140.0,-25.0,prob_maps_grid_dlon-140_lat-25.npz
59,-130.0,-25.0,prob_maps_grid_dlon-130_lat-25.npz
60,-120.0,-25.0,prob_maps_grid_dlon-120_lat-25.npz
61,-110.0,-25.0,prob_maps_grid_dlon-110_lat-25.npz
62,-100.0,-25.0,prob_maps_grid_dlon-100_lat-25.npz
63,-90.0,-25.0,prob_maps_grid_dlon-090_lat-25.npz
64,-80.0,-25.0,prob_maps_grid_dlon-080_lat-25.npz
65,-70.0,-25.0,prob_maps_grid_dlon-070_lat-25.npz
66,-60.0,-25.0,prob_maps_grid_dlon-060_lat-25.npz
67,-50.0,-25.0,prob_maps_grid_dlon-050_lat-25.npz
68,-40.0,-25.0,prob_maps_grid_dlon-040_lat-25.npz
69,-30.0,-25.0,prob_maps_grid_dlon-030_lat-25.npz
70,-20.0,-25.0,prob_maps_grid_dlon-020_lat-25.npz
71,-10.0,-25.0,prob_maps_grid_dlon-010_lat-25.npz
72,0.0,-25.0,prob_maps_grid_dlon+000_lat-25.npz
73,10.0,-25.0,prob_maps_grid_dlon+010_lat-25.npz
74,20.0,-25.0,prob_maps_grid_dlon+020_lat-25.npz
75,30.0,-25.0,prob_maps_grid_dlon+030_lat-25.npz
76,40.0,-25.0,prob_maps_grid_dlon+040_lat-25.npz
77,50.0,-25.0,prob_maps_grid_dlon+050_lat-25.npz
78,60.0,-25.0,prob_maps_grid_dlon+060_lat-25.npz
79,70.0,-25.0,prob_maps_grid_dlon+070_lat-25.npz
80,80.0,-25.0,prob_maps_grid_dlon+080_lat-25.npz
81,90.0,-25.0,prob_maps_grid_dlon+090_lat-25.npz
82,100.0,-25.0,prob_maps_grid_dlon+100_lat-25.npz
83,110.0,-25.0,prob_maps_grid_dlon+110_lat-25.npz
84,120.0,-25.0,prob_maps_grid_dlon+120_lat-25.npz
85,130.0,-25.0,prob_maps_grid_dlon+130_lat-25.npz
86,140.0,-25.0,prob_maps_grid_dlon+140_lat-25.npz
87,-140.0,-18.0,prob_maps_grid_dlon-140_lat-18.npz
88,-130.0,-18.0,prob_maps_grid_dlon-130_lat-18.npz
89,-120.0,-18.0,prob_maps_grid_dlon-120_lat-18.npz
90,-110.0,-18.0,prob_maps_grid_dlon-110_lat-18.npz
91,-100.0,-18.0,prob_maps_grid_dlon-100_lat-18.npz
92,-90.0,-18.0,prob_maps_grid_dlon-090_lat-18.npz
93,-80.0,-18.0,prob_maps_grid_dlon-080_lat-18.npz
94,-70.0,-18.0,prob_maps_grid_dlon-070_lat-18.npz
95,-60.0,-18.0,prob_maps_grid_dlon-060_lat-18.npz
96,-50.0,-18.0,prob_maps_grid_dlon-050_lat-18.npz
97,-40.0,-18.0,prob_maps_grid_dlon-040_lat-18.npz
98,-30.0,-18.0,prob_maps_grid_dlon-030_lat-18.npz
99,-20.0,-18.0,prob_maps_grid_dlon-020_lat-18.npz
100,-10.0,-18.0,prob_maps_grid_dlon-010_lat-18.npz
101,0.0,-18.0,prob_maps_grid_dlon+000_lat-18.npz
102,10.0,-18.0,prob_maps_grid_dlon+010_lat-18.npz
103,20.0,-18.0,prob_maps_grid_dlon+020_lat-18.npz
104,30.0,-18.0,prob_maps_grid_dlon+030_lat-18.npz
105,40.0,-18.0,prob_maps_grid_dlon+040_lat-18.npz
106,50.0,-18.0,prob_maps_grid_dlon+050_lat-18.npz
107,60.0,-18.0,prob_maps_grid_dlon+060_lat-18.npz
108,70.0,-18.0,prob_maps_grid_dlon+070_lat-18.npz
109,80.0,-18.0,prob_maps_grid_dlon+080_lat-18.npz
110,90.0,-18.0,prob_maps_grid_dlon+090_lat-18.npz
111,100.0,-18.0,prob_maps_grid_dlon+100_lat-18.npz
112,110.0,-18.0,prob_maps_grid_dlon+110_lat-18.npz
113,120.0,-18.0,prob_maps_grid_dlon+120_lat-18.npz
114,130.0,-18.0,prob_maps_grid_dlon+130_lat-18.npz
115,140.0,-18.0,prob_maps_grid_dlon+140_lat-18.npz
116,-140.0,-12.0,prob_maps_grid_dlon-140_lat-12.npz
117,-130.0,-12.0,prob_maps_grid_dlon-130_lat-12.npz
118,-120.0,-12.0,prob_maps_grid_dlon-120_lat-12.npz
119,-110.0,-12.0,prob_maps_grid_dlon-110_lat-12.npz
120,-100.0,-12.0,prob_maps_grid_dlon-100_lat-12.npz
121,-90.0,-12.0,prob_maps_grid_dlon-090_lat-12.npz
122,-80.0,-12.0,prob_maps_grid_dlon-080_lat-12.npz
123,-70.0,-12.0,prob_maps_grid_dlon-070_lat-12.npz
124,-60.0,-12.0,prob_maps_grid_dlon-060_lat-12.npz
125,-50.0,-12.0,prob_maps_grid_dlon-050_lat-12.npz
126,-40.0,-12.0,prob_maps_grid_dlon-040_lat-12.npz
127,-30.0,-12.0,prob_maps_grid_dlon-030_lat-12.npz
128,-20.0,-12.0,prob_maps_grid_dlon-020_lat-12.npz
129,-10.0,-12.0,prob_maps_grid_dlon-010_lat-12.npz
130,0.0,-12.0,prob_maps_grid_dlon+000_lat-12.npz
131,10.0,-12.0,prob_maps_grid_dlon+010_lat-12.npz
132,20.0,-12.0,prob_maps_grid_dlon+020_lat-12.npz
133,30.0,-12.0,prob_maps_grid_dlon+030_lat-12.npz
134,40.0,-12.0,prob_maps_grid_dlon+040_lat-12.npz
135,50.0,-12.0,prob_maps_grid_dlon+050_lat-12.npz
136,60.0,-12.0,prob_maps_grid_dlon+060_lat-12.npz
137,70.0,-12.0,prob_maps_grid_dlon+070_lat-12.npz
138,80.0,-12.0,prob_maps_grid_dlon+080_lat-12.npz
139,90.0,-12.0,prob_maps_grid_dlon+090_lat-12.npz
140,100.0,-12.0,prob_maps_grid_dlon+100_lat-12.npz
141,110.0,-12.0,prob_maps_grid_dlon+110_lat-12.npz
142,120.0,-12.0,prob_maps_grid_dlon+120_lat-12.npz
143,130.0,-12.0,prob_maps_grid_dlon+130_lat-12.npz
144,140.0,-12.0,prob_maps_grid_dlon+140_lat-12.npz
145,-140.0,-8.0,prob_maps_grid_dlon-140_lat-08.npz
146,-130.0,-8.0,prob_maps_grid_dlon-130_lat-08.npz
147,-120.0,-8.0,prob_maps_grid_dlon-120_lat-08.npz
148,-110.0,-8.0,prob_maps_grid_dlon-110_lat-08.npz
149,-100.0,-8.0,prob_maps_grid_dlon-100_lat-08.npz
150,-90.0,-8.0,prob_maps_grid_dlon-090_lat-08.npz
151,-80.0,-8.0,prob_maps_grid_dlon-080_lat-08.npz
152,-70.0,-8.0,prob_maps_grid_dlon-070_lat-08.npz
153,-60.0,-8.0,prob_maps_grid_dlon-060_lat-08.npz
154,-50.0,-8.0,prob_maps_grid_dlon-050_lat-08.npz
155,-40.0,-8.0,prob_maps_grid_dlon-040_lat-08.npz
156,-30.0,-8.0,prob_maps_grid_dlon-030_lat-08.npz
157,-20.0,-8.0,prob_maps_grid_dlon-020_lat-08.npz
158,-10.0,-8.0,prob_maps_grid_dlon-010_lat-08.npz
159,0.0,-8.0,prob_maps_grid_dlon+000_lat-08.npz
160,10.0,-8.0,prob_maps_grid_dlon+010_lat-08.npz
161,20.0,-8.0,prob_maps_grid_dlon+020_lat-08.npz
162,30.0,-8.0,prob_maps_grid_dlon+030_lat-08.npz
163,40.0,-8.0,prob_maps_grid_dlon+040_lat-08.npz
164,50.0,-8.0,prob_maps_grid_dlon+050_lat-08.npz
165,60.0,-8.0,prob_maps_grid_dlon+060_lat-08.npz
166,70.0,-8.0,prob_maps_grid_dlon+070_lat-08.npz
167,80.0,-8.0,prob_maps_grid_dlon+080_lat-08.npz
168,90.0,-8.0,prob_maps_grid_dlon+090_lat-08.npz
169,100.0,-8.0,prob_maps_grid_dlon+100_lat-08.npz
170,110.0,-8.0,prob_maps_grid_dlon+110_lat-08.npz
171,120.0,-8.0,prob_maps_grid_dlon+120_lat-08.npz
172,130.0,-8.0,prob_maps_grid_dlon+130_lat-08.npz
173,140.0,-8.0,prob_maps_grid_dlon+140_lat-08.npz
174,-140.0,-5.0,prob_maps_grid_dlon-140_lat-05.npz
175,-130.0,-5.0,prob_maps_grid_dlon-130_lat-05.npz
176,-120.0,-5.0,prob_maps_grid_dlon-120_lat-05.npz
177,-110.0,-5.0,prob_maps_grid_dlon-110_lat-05.npz
178,-100.0,-5.0,prob_maps_grid_dlon-100_lat-05.npz
179,-90.0,-5.0,prob_maps_grid_dlon-090_lat-05.npz
180,-80.0,-5.0,prob_maps_grid_dlon-080_lat-05.npz
181,-70.0,-5.0,prob_maps_grid_dlon-070_lat-05.npz
182,-60.0,-5.0,prob_maps_grid_dlon-060_lat-05.npz
183,-50.0,-5.0,prob_maps_grid_dlon-050_lat-05.npz
184,-40.0,-5.0,prob_maps_grid_dlon-040_lat-05.npz
185,-30.0,-5.0,prob_maps_grid_dlon-030_lat-05.npz
186,-20.0,-5.0,prob_maps_grid_dlon-020_lat-05.npz
187,-10.0,-5.0,prob_maps_grid_dlon-010_lat-05.npz
188,0.0,-5.0,prob_maps_grid_dlon+000_lat-05.npz
189,10.0,-5.0,prob_maps_grid_dlon+010_lat-05.npz
190,20.0,-5.0,prob_maps_grid_dlon+020_lat-05.npz
191,30.0,-5.0,prob_maps_grid_dlon+030_lat-05.npz
192,40.0,-5.0,prob_maps_grid_dlon+040_lat-05.npz
193,50.0,-5.0,prob_maps_grid_dlon+050_lat-05.npz
194,60.0,-5.0,prob_maps_grid_dlon+060_lat-05.npz
195,70.0,-5.0,prob_maps_grid_dlon+070_lat-05.npz
196,80.0,-5.0,prob_maps_grid_dlon+080_lat-05.npz
197,90.0,-5.0,prob_maps_grid_dlon+090_lat-05.npz
198,100.0,-5.0,prob_maps_grid_dlon+100_lat-05.npz
199,110.0,-5.0,prob_maps_grid_dlon+110_lat-05.npz
200,120.0,-5.0,prob_maps_grid_dlon+120_lat-05.npz
201,130.0,-5.0,prob_maps_grid_dlon+130_lat-05.npz
202,140.0,-5.0,prob_maps_grid_dlon+140_lat-05.npz
203,-140.0,-4.0,prob_maps_grid_dlon-140_lat-04.npz
204,-130.0,-4.0,prob_maps_grid_dlon-130_lat-04.npz
205,-120.0,-4.0,prob_maps_grid_dlon-120_lat-04.npz
206,-110.0,-4.0,prob_maps_grid_dlon-110_lat-04.npz
207,-100.0,-4.0,prob_maps_grid_dlon-100_lat-04.npz
208,-90.0,-4.0,prob_maps_grid_dlon-090_lat-04.npz
209,-80.0,-4.0,prob_maps_grid_dlon-080_lat-04.npz
210,-70.0,-4.0,prob_maps_grid_dlon-070_lat-04.npz
211,-60.0,-4.0,prob_maps_grid_dlon-060_lat-04.npz
212,-50.0,-4.0,prob_maps_grid_dlon-050_lat-04.npz
213,-40.0,-4.0,prob_maps_grid_dlon-040_lat-04.npz
214,-30.0,-4.0,prob_maps_grid_dlon-030_lat-04.npz
215,-20.0,-4.0,prob_maps_grid_dlon-020_lat-04.npz
216,-10.0,-4.0,prob_maps_grid_dlon-010_lat-04.npz
217,0.0,-4.0,prob_maps_grid_dlon+000_lat-04.npz
218,10.0,-4.0,prob_maps_grid_dlon+010_lat-04.npz
219,20.0,-4.0,prob_maps_grid_dlon+020_lat-04.npz
220,30.0,-4.0,prob_maps_grid_dlon+030_lat-04.npz
221,40.0,-4.0,prob_maps_grid_dlon+040_lat-04.npz
222,50.0,-4.0,prob_maps_grid_dlon+050_lat-04.npz
223,60.0,-4.0,prob_maps_grid_dlon+060_lat-04.npz
224,70.0,-4.0,prob_maps_grid_dlon+070_lat-04.npz
225,80.0,-4.0,prob_maps_grid_dlon+080_lat-04.npz
226,90.0,-4.0,prob_maps_grid_dlon+090_lat-04.npz
227,100.0,-4.0,prob_maps_grid_dlon+100_lat-04.npz
228,110.0,-4.0,prob_maps_grid_dlon+110_lat-04.npz
229,120.0,-4.0,prob_maps_grid_dlon+120_lat-04.npz
230,130.0,-4.0,prob_maps_grid_dlon+130_lat-04.npz
231,140.0,-4.0,prob_maps_grid_dlon+140_lat-04.npz
232,-140.0,-3.0,prob_maps_grid_dlon-140_lat-03.npz
233,-130.0,-3.0,prob_maps_grid_dlon-130_lat-03.npz
234,-120.0,-3.0,prob_maps_grid_dlon-120_lat-03.npz
235,-110.0,-3.0,prob_maps_grid_dlon-110_lat-03.npz
236,-100.0,-3.0,prob_maps_grid_dlon-100_lat-03.npz
237,-90.0,-3.0,prob_maps_grid_dlon-090_lat-03.npz
238,-80.0,-3.0,prob_maps_grid_dlon-080_lat-03.npz
239,-70.0,-3.0,prob_maps_grid_dlon-070_lat-03.npz
240,-60.0,-3.0,prob_maps_grid_dlon-060_lat-03.npz
241,-50.0,-3.0,prob_maps_grid_dlon-050_lat-03.npz
242,-40.0,-3.0,prob_maps_grid_dlon-040_lat-03.npz
243,-30.0,-3.0,prob_maps_grid_dlon-030_lat-03.npz
244,-20.0,-3.0,prob_maps_grid_dlon-020_lat-03.npz
245,-10.0,-3.0,prob_maps_grid_dlon-010_lat-03.npz
246,0.0,-3.0,prob_maps_grid_dlon+000_lat-03.npz
247,10.0,-3.0,prob_maps_grid_dlon+010_lat-03.npz
248,20.0,-3.0,prob_maps_grid_dlon+020_lat-03.npz
249,30.0,-3.0,prob_maps_grid_dlon+030_lat-03.npz
250,40.0,-3.0,prob_maps_grid_dlon+040_lat-03.npz
251,50.0,-3.0,prob_maps_grid_dlon+050_lat-03.npz
252,60.0,-3.0,prob_maps_grid_dlon+060_lat-03.npz
253,70.0,-3.0,prob_maps_grid_dlon+070_lat-03.npz
254,80.0,-3.0,prob_maps_grid_dlon+080_lat-03.npz
255,90.0,-3.0,prob_maps_grid_dlon+090_lat-03.npz
256,100.0,-3.0,prob_maps_grid_dlon+100_lat-03.npz
257,110.0,-3.0,prob_maps_grid_dlon+110_lat-03.npz
258,120.0,-3.0,prob_maps_grid_dlon+120_lat-03.npz
259,130.0,-3.0,prob_maps_grid_dlon+130_lat-03.npz
260,140.0,-3.0,prob_maps_grid_dlon+140_lat-03.npz
261,-140.0,-2.0,prob_maps_grid_dlon-140_lat-02.npz
262,-130.0,-2.0,prob_maps_grid_dlon-130_lat-02.npz
263,-120.0,-2.0,prob_maps_grid_dlon-120_lat-02.npz
264,-110.0,-2.0,prob_maps_grid_dlon-110_lat-02.npz
265,-100.0,-2.0,prob_maps_grid_dlon-100_lat-02.npz
266,-90.0,-2.0,prob_maps_grid_dlon-090_lat-02.npz
267,-80.0,-2.0,prob_maps_grid_dlon-080_lat-02.npz
268,-70.0,-2.0,prob_maps_grid_dlon-070_lat-02.npz
269,-60.0,-2.0,prob_maps_grid_dlon-060_lat-02.npz
270,-50.0,-2.0,prob_maps_grid_dlon-050_lat-02.npz
271,-40.0,-2.0,prob_maps_grid_dlon-040_lat-02.npz
272,-30.0,-2.0,prob_maps_grid_dlon-030_lat-02.npz
273,-20.0,-2.0,prob_maps_grid_dlon-020_lat-02.npz
274,-10.0,-2.0,prob_maps_grid_dlon-010_lat-02.npz
275,0.0,-2.0,prob_maps_grid_dlon+000_lat-02.npz
276,10.0,-2.0,prob_maps_grid_dlon+010_lat-02.npz
277,20.0,-2.0,prob_maps_grid_dlon+020_lat-02.npz
278,30.0,-2.0,prob_maps_grid_dlon+030_lat-02.npz
279,40.0,-2.0,prob_maps_grid_dlon+040_lat-02.npz
280,50.0,-2.0,prob_maps_grid_dlon+050_lat-02.npz
281,60.0,-2.0,prob_maps_grid_dlon+060_lat-02.npz
282,70.0,-2.0,prob_maps_grid_dlon+070_lat-02.npz
283,80.0,-2.0,prob_maps_grid_dlon+080_lat-02.npz
284,90.0,-2.0,prob_maps_grid_dlon+090_lat-02.npz
285,100.0,-2.0,prob_maps_grid_dlon+100_lat-02.npz
286,110.0,-2.0,prob_maps_grid_dlon+110_lat-02.npz
287,120.0,-2.0,prob_maps_grid_dlon+120_lat-02.npz
288,130.0,-2.0,prob_maps_grid_dlon+130_lat-02.npz
289,140.0,-2.0,prob_maps_grid_dlon+140_lat-02.npz
290,-140.0,-1.0,prob_maps_grid_dlon-140_lat-01.npz
291,-130.0,-1.0,prob_maps_grid_dlon-130_lat-01.npz
292,-120.0,-1.0,prob_maps_grid_dlon-120_lat-01.npz
293,-110.0,-1.0,prob_maps_grid_dlon-110_lat-01.npz
294,-100.0,-1.0,prob_maps_grid_dlon-100_lat-01.npz
295,-90.0,-1.0,prob_maps_grid_dlon-090_lat-01.npz
296,-80.0,-1.0,prob_maps_grid_dlon-080_lat-01.npz
297,-70.0,-1.0,prob_maps_grid_dlon-070_lat-01.npz
298,-60.0,-1.0,prob_maps_grid_dlon-060_lat-01.npz
299,-50.0,-1.0,prob_maps_grid_dlon-050_lat-01.npz
300,-40.0,-1.0,prob_maps_grid_dlon-040_lat-01.npz
301,-30.0,-1.0,prob_maps_grid_dlon-030_lat-01.npz
302,-20.0,-1.0,prob_maps_grid_dlon-020_lat-01.npz
303,-10.0,-1.0,prob_maps_grid_dlon-010_lat-01.npz
304,0.0,-1.0,prob_maps_grid_dlon+000_lat-01.npz
305,10.0,-1.0,prob_maps_grid_dlon+010_lat-01.npz
306,20.0,-1.0,prob_maps_grid_dlon+020_lat-01.npz
307,30.0,-1.0,prob_maps_grid_dlon+030_lat-01.npz
308,40.0,-1.0,prob_maps_grid_dlon+040_lat-01.npz
309,50.0,-1.0,prob_maps_grid_dlon+050_lat-01.npz
310,60.0,-1.0,prob_maps_grid_dlon+060_lat-01.npz
311,70.0,-1.0,prob_maps_grid_dlon+070_lat-01.npz
312,80.0,-1.0,prob_maps_grid_dlon+080_lat-01.npz
313,90.0,-1.0,prob_maps_grid_dlon+090_lat-01.npz
314,100.0,-1.0,prob_maps_grid_dlon+100_lat-01.npz
315,110.0,-1.0,prob_maps_grid_dlon+110_lat-01.npz
316,120.0,-1.0,prob_maps_grid_dlon+120_lat-01.npz
317,130.0,-1.0,prob_maps_grid_dlon+130_lat-01.npz
318,140.0,-1.0,prob_maps_grid_dlon+140_lat-01.npz
319,-140.0,0.0,prob_maps_grid_dlon-140_lat+00.npz
320,-130.0,0.0,prob_maps_grid_dlon-130_lat+00.npz
321,-120.0,0.0,prob_maps_grid_dlon-120_lat+00.npz
322,-110.0,0.0,prob_maps_grid_dlon-110_lat+00.npz
323,-100.0,0.0,prob_maps_grid_dlon-100_lat+00.npz
324,-90.0,0.0,prob_maps_grid_dlon-090_lat+00.npz
325,-80.0,0.0,prob_maps_grid_dlon-080_lat+00.npz
326,-70.0,0.0,prob_maps_grid_dlon-070_lat+00.npz
327,-60.0,0.0,prob_maps_grid_dlon-060_lat+00.npz
328,-50.0,0.0,prob_maps_grid_dlon-050_lat+00.npz
329,-40.0,0.0,prob_maps_grid_dlon-040_lat+00.npz
330,-30.0,0.0,prob_maps_grid_dlon-030_lat+00.npz
331,-20.0,0.0,prob_maps_grid_dlon-020_lat+00.npz
332,-10.0,0.0,prob_maps_grid_dlon-010_lat+00.npz
333,0.0,0.0,prob_maps_grid_dlon+000_lat+00.npz
334,10.0,0.0,prob_maps_grid_dlon+010_lat+00.npz
335,20.0,0.0,prob_maps_grid_dlon+020_lat+00.npz
336,30.0,0.0,prob_maps_grid_dlon+030_lat+00.npz
337,40.0,0.0,prob_maps_grid_dlon+040_lat+00.npz
338,50.0,0.0,prob_maps_grid_dlon+050_lat+00.npz
339,60.0,0.0,prob_maps_grid_dlon+060_lat+00.npz
340,70.0,0.0,prob_maps_grid_dlon+070_lat+00.npz
341,80.0,0.0,prob_maps_grid_dlon+080_lat+00.npz
342,90.0,0.0,prob_maps_grid_dlon+090_lat+00.npz
343,100.0,0.0,prob_maps_grid_dlon+100_lat+00.npz
344,110.0,0.0,prob_maps_grid_dlon+110_lat+00.npz
345,120.0,0.0,prob_maps_grid_dlon+120_lat+00.npz
346,130.0,0.0,prob_maps_grid_dlon+130_lat+00.npz
347,140.0,0.0,prob_maps_grid_dlon+140_lat+00.npz
348,-140.0,1.0,prob_maps_grid_dlon-140_lat+01.npz
349,-130.0,1.0,prob_maps_grid_dlon-130_lat+01.npz
350,-120.0,1.0,prob_maps_grid_dlon-120_lat+01.npz
351,-110.0,1.0,prob_maps_grid_dlon-110_lat+01.npz
352,-100.0,1.0,prob_maps_grid_dlon-100_lat+01.npz
353,-90.0,1.0,prob_maps_grid_dlon-090_lat+01.npz
354,-80.0,1.0,prob_maps_grid_dlon-080_lat+01.npz
355,-70.0,1.0,prob_maps_grid_dlon-070_lat+01.npz
356,-60.0,1.0,prob_maps_grid_dlon-060_lat+01.npz
357,-50.0,1.0,prob_maps_grid_dlon-050_lat+01.npz
358,-40.0,1.0,prob_maps_grid_dlon-040_lat+01.npz
359,-30.0,1.0,prob_maps_grid_dlon-030_lat+01.npz
360,-20.0,1.0,prob_maps_grid_dlon-020_lat+01.npz
361,-10.0,1.0,prob_maps_grid_dlon-010_lat+01.npz
362,0.0,1.0,prob_maps_grid_dlon+000_lat+01.npz
363,10.0,1.0,prob_maps_grid_dlon+010_lat+01.npz
364,20.0,1.0,prob_maps_grid_dlon+020_lat+01.npz
365,30.0,1.0,prob_maps_grid_dlon+030_lat+01.npz
366,40.0,1.0,prob_maps_grid_dlon+040_lat+01.npz
367,50.0,1.0,prob_maps_grid_dlon+050_lat+01.npz
368,60.0,1.0,prob_maps_grid_dlon+060_lat+01.npz
369,70.0,1.0,prob_maps_grid_dlon+070_lat+01.npz
370,80.0,1.0,prob_maps_grid_dlon+080_lat+01.npz
371,90.0,1.0,prob_maps_grid_dlon+090_lat+01.npz
372,100.0,1.0,prob_maps_grid_dlon+100_lat+01.npz
373,110.0,1.0,prob_maps_grid_dlon+110_lat+01.npz
374,120.0,1.0,prob_maps_grid_dlon+120_lat+01.npz
375,130.0,1.0,prob_maps_grid_dlon+130_lat+01.npz
376,140.0,1.0,prob_maps_grid_dlon+140_lat+01.npz
377,-140.0,2.0,prob_maps_grid_dlon-140_lat+02.npz
378,-130.0,2.0,prob_maps_grid_dlon-130_lat+02.npz
379,-120.0,2.0,prob_maps_grid_dlon-120_lat+02.npz
380,-110.0,2.0,prob_maps_grid_dlon-110_lat+02.npz
381,-100.0,2.0,prob_maps_grid_dlon-100_lat+02.npz
382,-90.0,2.0,prob_maps_grid_dlon-090_lat+02.npz
383,-80.0,2.0,prob_maps_grid_dlon-080_lat+02.npz
384,-70.0,2.0,prob_maps_grid_dlon-070_lat+02.npz
385,-60.0,2.0,prob_maps_grid_dlon-060_lat+02.npz
386,-50.0,2.0,prob_maps_grid_dlon-050_lat+02.npz
387,-40.0,2.0,prob_maps_grid_dlon-040_lat+02.npz
388,-30.0,2.0,prob_maps_grid_dlon-030_lat+02.npz
389,-20.0,2.0,prob_maps_grid_dlon-020_lat+02.npz
390,-10.0,2.0,prob_maps_grid_dlon-010_lat+02.npz
391,0.0,2.0,prob_maps_grid_dlon+000_lat+02.npz
392,10.0,2.0,prob_maps_grid_dlon+010_lat+02.npz
393,20.0,2.0,prob_maps_grid_dlon+020_lat+02.npz
394,30.0,2.0,prob_maps_grid_dlon+030_lat+02.npz
395,40.0,2.0,prob_maps_grid_dlon+040_lat+02.npz
396,50.0,2.0,prob_maps_grid_dlon+050_lat+02.npz
397,60.0,2.0,prob_maps_grid_dlon+060_lat+02.npz
398,70.0,2.0,prob_maps_grid_dlon+070_lat+02.npz
399,80.0,2.0,prob_maps_grid_dlon+080_lat+02.npz
400,90.0,2.0,prob_maps_grid_dlon+090_lat+02.npz
401,100.0,2.0,prob_maps_grid_dlon+100_lat+02.npz
402,110.0,2.0,prob_maps_grid_dlon+110_lat+02.npz
403,120.0,2.0,prob_maps_grid_dlon+120_lat+02.npz
404,130.0,2.0,prob_maps_grid_dlon+130_lat+02.npz
405,140.0,2.0,prob_maps_grid_dlon+140_lat+02.npz
406,-140.0,3.0,prob_maps_grid_dlon-140_lat+03.npz
407,-130.0,3.0,prob_maps_grid_dlon-130_lat+03.npz
408,-120.0,3.0,prob_maps_grid_dlon-120_lat+03.npz
409,-110.0,3.0,prob_maps_grid_dlon-110_lat+03.npz
410,-100.0,3.0,prob_maps_grid_dlon-100_lat+03.npz
411,-90.0,3.0,prob_maps_grid_dlon-090_lat+03.npz
412,-80.0,3.0,prob_maps_grid_dlon-080_lat+03.npz
413,-70.0,3.0,prob_maps_grid_dlon-070_lat+03.npz
414,-60.0,3.0,prob_maps_grid_dlon-060_lat+03.npz
415,-50.0,3.0,prob_maps_grid_dlon-050_lat+03.npz
416,-40.0,3.0,prob_maps_grid_dlon-040_lat+03.npz
417,-30.0,3.0,prob_maps_grid_dlon-030_lat+03.npz
418,-20.0,3.0,prob_maps_grid_dlon-020_lat+03.npz
419,-10.0,3.0,prob_maps_grid_dlon-010_lat+03.npz
420,0.0,3.0,prob_maps_grid_dlon+000_lat+03.npz
421,10.0,3.0,prob_maps_grid_dlon+010_lat+03.npz
422,20.0,3.0,prob_maps_grid_dlon+020_lat+03.npz
423,30.0,3.0,prob_maps_grid_dlon+030_lat+03.npz
424,40.0,3.0,prob_maps_grid_dlon+040_lat+03.npz
425,50.0,3.0,prob_maps_grid_dlon+050_lat+03.npz
426,60.0,3.0,prob_maps_grid_dlon+060_lat+03.npz
427,70.0,3.0,prob_maps_grid_dlon+070_lat+03.npz
428,80.0,3.0,prob_maps_grid_dlon+080_lat+03.npz
429,90.0,3.0,prob_maps_grid_dlon+090_lat+03.npz
430,100.0,3.0,prob_maps_grid_dlon+100_lat+03.npz
431,110.0,3.0,prob_maps_grid_dlon+110_lat+03.npz
432,120.0,3.0,prob_maps_grid_dlon+120_lat+03.npz
433,130.0,3.0,prob_maps_grid_dlon+130_lat+03.npz
434,140.0,3.0,prob_maps_grid_dlon+140_lat+03.npz
435,-140.0,4.0,prob_maps_grid_dlon-140_lat+04.npz
436,-130.0,4.0,prob_maps_grid_dlon-130_lat+04.npz
437,-120.0,4.0,prob_maps_grid_dlon-120_lat+04.npz
438,-110.0,4.0,prob_maps_grid_dlon-110_lat+04.npz
439,-100.0,4.0,prob_maps_grid_dlon-100_lat+04.npz
440,-90.0,4.0,prob_maps_grid_dlon-090_lat+04.npz
441,-80.0,4.0,prob_maps_grid_dlon-080_lat+04.npz
442,-70.0,4.0,prob_maps_grid_dlon-070_lat+04.npz
443,-60.0,4.0,prob_maps_grid_dlon-060_lat+04.npz
444,-50.0,4.0,prob_maps_grid_dlon-050_lat+04.npz
445,-40.0,4.0,prob_maps_grid_dlon-040_lat+04.npz
446,-30.0,4.0,prob_maps_grid_dlon-030_lat+04.npz
447,-20.0,4.0,prob_maps_grid_dlon-020_lat+04.npz
448,-10.0,4.0,prob_maps_grid_dlon-010_lat+04.npz
449,0.0,4.0,prob_maps_grid_dlon+000_lat+04.npz
450,10.0,4.0,prob_maps_grid_dlon+010_lat+04.npz
451,20.0,4.0,prob_maps_grid_dlon+020_lat+04.npz
452,30.0,4.0,prob_maps_grid_dlon+030_lat+04.npz
453,40.0,4.0,prob_maps_grid_dlon+040_lat+04.npz
454,50.0,4.0,prob_maps_grid_dlon+050_lat+04.npz
455,60.0,4.0,prob_maps_grid_dlon+060_lat+04.npz
456,70.0,4.0,prob_maps_grid_dlon+070_lat+04.npz
457,80.0,4.0,prob_maps_grid_dlon+080_lat+04.npz
458,90.0,4.0,prob_maps_grid_dlon+090_lat+04.npz
459,100.0,4.0,prob_maps_grid_dlon+100_lat+04.npz
460,110.0,4.0,prob_maps_grid_dlon+110_lat+04.npz
461,120.0,4.0,prob_maps_grid_dlon+120_lat+04.npz
462,130.0,4.0,prob_maps_grid_dlon+130_lat+04.npz
463,140.0,4.0,prob_maps_grid_dlon+140_lat+04.npz
464,-140.0,5.0,prob_maps_grid_dlon-140_lat+05.npz
465,-130.0,5.0,prob_maps_grid_dlon-130_lat+05.npz
466,-120.0,5.0,prob_maps_grid_dlon-120_lat+05.npz
467,-110.0,5.0,prob_maps_grid_dlon-110_lat+05.npz
468,-100.0,5.0,prob_maps_grid_dlon-100_lat+05.npz
469,-90.0,5.0,prob_maps_grid_dlon-090_lat+05.npz
470,-80.0,5.0,prob_maps_grid_dlon-080_lat+05.npz
471,-70.0,5.0,prob_maps_grid_dlon-070_lat+05.npz
472,-60.0,5.0,prob_maps_grid_dlon-060_lat+05.npz
473,-50.0,5.0,prob_maps_grid_dlon-050_lat+05.npz
474,-40.0,5.0,prob_maps_grid_dlon-040_lat+05.npz
475,-30.0,5.0,prob_maps_grid_dlon-030_lat+05.npz
476,-20.0,5.0,prob_maps_grid_dlon-020_lat+05.npz
477,-10.0,5.0,prob_maps_grid_dlon-010_lat+05.npz
478,0.0,5.0,prob_maps_grid_dlon+000_lat+05.npz
479,10.0,5.0,prob_maps_grid_dlon+010_lat+05.npz
480,20.0,5.0,prob_maps_grid_dlon+020_lat+05.npz
481,30.0,5.0,prob_maps_grid_dlon+030_lat+05.npz
482,40.0,5.0,prob_maps_grid_dlon+040_lat+05.npz
483,50.0,5.0,prob_maps_grid_dlon+050_lat+05.npz
484,60.0,5.0,prob_maps_grid_dlon+060_lat+05.npz
485,70.0,5.0,prob_maps_grid_dlon+070_lat+05.npz
486,80.0,5.0,prob_maps_grid_dlon+080_lat+05.npz
487,90.0,5.0,prob_maps_grid_dlon+090_lat+05.npz
488,100.0,5.0,prob_maps_grid_dlon+100_lat+05.npz
489,110.0,5.0,prob_maps_grid_dlon+110_lat+05.npz
490,120.0,5.0,prob_maps_grid_dlon+120_lat+05.npz
491,130.0,5.0,prob_maps_grid_dlon+130_lat+05.npz
492,140.0,5.0,prob_maps_grid_dlon+140_lat+05.npz
493,-140.0,8.0,prob_maps_grid_dlon-140_lat+08.npz
494,-130.0,8.0,prob_maps_grid_dlon-130_lat+08.npz
495,-120.0,8.0,prob_maps_grid_dlon-120_lat+08.npz
496,-110.0,8.0,prob_maps_grid_dlon-110_lat+08.npz
497,-100.0,8.0,prob_maps_grid_dlon-100_lat+08.npz
498,-90.0,8.0,prob_maps_grid_dlon-090_lat+08.npz
499,-80.0,8.0,prob_maps_grid_dlon-080_lat+08.npz
500,-70.0,8.0,prob_maps_grid_dlon-070_lat+08.npz
501,-60.0,8.0,prob_maps_grid_dlon-060_lat+08.npz
502,-50.0,8.0,prob_maps_grid_dlon-050_lat+08.npz
503,-40.0,8.0,prob_maps_grid_dlon-040_lat+08.npz
504,-30.0,8.0,prob_maps_grid_dlon-030_lat+08.npz
505,-20.0,8.0,prob_maps_grid_dlon-020_lat+08.npz
506,-10.0,8.0,prob_maps_grid_dlon-010_lat+08.npz
507,0.0,8.0,prob_maps_grid_dlon+000_lat+08.npz
508,10.0,8.0,prob_maps_grid_dlon+010_lat+08.npz
509,20.0,8.0,prob_maps_grid_dlon+020_lat+08.npz
510,30.0,8.0,prob_maps_grid_dlon+030_lat+08.npz
511,40.0,8.0,prob_maps_grid_dlon+040_lat+08.npz
512,50.0,8.0,prob_maps_grid_dlon+050_lat+08.npz
513,60.0,8.0,prob_maps_grid_dlon+060_lat+08.npz
514,70.0,8.0,prob_maps_grid_dlon+070_lat+08.npz
515,80.0,8.0,prob_maps_grid_dlon+080_lat+08.npz
516,90.0,8.0,prob_maps_grid_dlon+090_lat+08.npz
517,100.0,8.0,prob_maps_grid_dlon+100_lat+08.npz
518,110.0,8.0,prob_maps_grid_dlon+110_lat+08.npz
519,120.0,8.0,prob_maps_grid_dlon+120_lat+08.npz
520,130.0,8.0,prob_maps_grid_dlon+130_lat+08.npz
521,140.0,8.0,prob_maps_grid_dlon+140_lat+08.npz
522,-140.0,12.0,prob_maps_grid_dlon-140_lat+12.npz
523,-130.0,12.0,prob_maps_grid_dlon-130_lat+12.npz
524,-120.0,12.0,prob_maps_grid_dlon-120_lat+12.npz
525,-110.0,12.0,prob_maps_grid_dlon-110_lat+12.npz
526,-100.0,12.0,prob_maps_grid_dlon-100_lat+12.npz
527,-90.0,12.0,prob_maps_grid_dlon-090_lat+12.npz
528,-80.0,12.0,prob_maps_grid_dlon-080_lat+12.npz
529,-70.0,12.0,prob_maps_grid_dlon-070_lat+12.npz
530,-60.0,12.0,prob_maps_grid_dlon-060_lat+12.npz
531,-50.0,12.0,prob_maps_grid_dlon-050_lat+12.npz
532,-40.0,12.0,prob_maps_grid_dlon-040_lat+12.npz
533,-30.0,12.0,prob_maps_grid_dlon-030_lat+12.npz
534,-20.0,12.0,prob_maps_grid_dlon-020_lat+12.npz
535,-10.0,12.0,prob_maps_grid_dlon-010_lat+12.npz
536,0.0,12.0,prob_maps_grid_dlon+000_lat+12.npz
537,10.0,12.0,prob_maps_grid_dlon+010_lat+12.npz
538,20.0,12.0,prob_maps_grid_dlon+020_lat+12.npz
539,30.0,12.0,prob_maps_grid_dlon+030_lat+12.npz
540,40.0,12.0,prob_maps_grid_dlon+040_lat+12.npz
541,50.0,12.0,prob_maps_grid_dlon+050_lat+12.npz
542,60.0,12.0,prob_maps_grid_dlon+060_lat+12.npz
543,70.0,12.0,prob_maps_grid_dlon+070_lat+12.npz
544,80.0,12.0,prob_maps_grid_dlon+080_lat+12.npz
545,90.0,12.0,prob_maps_grid_dlon+090_lat+12.npz
546,100.0,12.0,prob_maps_grid_dlon+100_lat+12.npz
547,110.0,12.0,prob_maps_grid_dlon+110_lat+12.npz
548,120.0,12.0,prob_maps_grid_dlon+120_lat+12.npz
549,130.0,12.0,prob_maps_grid_dlon+130_lat+12.npz
550,140.0,12.0,prob_maps_grid_dlon+140_lat+12.npz
551,-140.0,18.0,prob_maps_grid_dlon-140_lat+18.npz
552,-130.0,18.0,prob_maps_grid_dlon-130_lat+18.npz
553,-120.0,18.0,prob_maps_grid_dlon-120_lat+18.npz
554,-110.0,18.0,prob_maps_grid_dlon-110_lat+18.npz
555,-100.0,18.0,prob_maps_grid_dlon-100_lat+18.npz
556,-90.0,18.0,prob_maps_grid_dlon-090_lat+18.npz
557,-80.0,18.0,prob_maps_grid_dlon-080_lat+18.npz
558,-70.0,18.0,prob_maps_grid_dlon-070_lat+18.npz
559,-60.0,18.0,prob_maps_grid_dlon-060_lat+18.npz
560,-50.0,18.0,prob_maps_grid_dlon-050_lat+18.npz
561,-40.0,18.0,prob_maps_grid_dlon-040_lat+18.npz
562,-30.0,18.0,prob_maps_grid_dlon-030_lat+18.npz
563,-20.0,18.0,prob_maps_grid_dlon-020_lat+18.npz
564,-10.0,18.0,prob_maps_grid_dlon-010_lat+18.npz
565,0.0,18.0,prob_maps_grid_dlon+000_lat+18.npz
566,10.0,18.0,prob_maps_grid_dlon+010_lat+18.npz
567,20.0,18.0,prob_maps_grid_dlon+020_lat+18.npz
568,30.0,18.0,prob_maps_grid_dlon+030_lat+18.npz
569,40.0,18.0,prob_maps_grid_dlon+040_lat+18.npz
570,50.0,18.0,prob_maps_grid_dlon+050_lat+18.npz
571,60.0,18.0,prob_maps_grid_dlon+060_lat+18.npz
572,70.0,18.0,prob_maps_grid_dlon+070_lat+18.npz
573,80.0,18.0,prob_maps_grid_dlon+080_lat+18.npz
574,90.0,18.0,prob_maps_grid_dlon+090_lat+18.npz
575,100.0,18.0,prob_maps_grid_dlon+100_lat+18.npz
576,110.0,18.0,prob_maps_grid_dlon+110_lat+18.npz
577,120.0,18.0,prob_maps_grid_dlon+120_lat+18.npz
578,130.0,18.0,prob_maps_grid_dlon+130_lat+18.npz
579,140.0,18.0,prob_maps_grid_dlon+140_lat+18.npz
580,-140.0,25.0,prob_maps_grid_dlon-140_lat+25.npz
581,-130.0,25.0,prob_maps_grid_dlon-130_lat+25.npz
582,-120.0,25.0,prob_maps_grid_dlon-120_lat+25.npz
583,-110.0,25.0,prob_maps_grid_dlon-110_lat+25.npz
584,-100.0,25.0,prob_maps_grid_dlon-100_lat+25.npz
585,-90.0,25.0,prob_maps_grid_dlon-090_lat+25.npz
586,-80.0,25.0,prob_maps_grid_dlon-080_lat+25.npz
587,-70.0,25.0,prob_maps_grid_dlon-070_lat+25.npz
588,-60.0,25.0,prob_maps_grid_dlon-060_lat+25.npz
589,-50.0,25.0,prob_maps_grid_dlon-050_lat+25.npz
590,-40.0,25.0,prob_maps_grid_dlon-040_lat+25.npz
591,-30.0,25.0,prob_maps_grid_dlon-030_lat+25.npz
592,-20.0,25.0,prob_maps_grid_dlon-020_lat+25.npz
593,-10.0,25.0,prob_maps_grid_dlon-010_lat+25.npz
594,0.0,25.0,prob_maps_grid_dlon+000_lat+25.npz
595,10.0,25.0,prob_maps_grid_dlon+010_lat+25.npz
596,20.0,25.0,prob_maps_grid_dlon+020_lat+25.npz
597,30.0,25.0,prob_maps_grid_dlon+030_lat+25.npz
598,40.0,25.0,prob_maps_grid_dlon+040_lat+25.npz
599,50.0,25.0,prob_maps_grid_dlon+050_lat+25.npz
600,60.0,25.0,prob_maps_grid_dlon+060_lat+25.npz
601,70.0,25.0,prob_maps_grid_dlon+070_lat+25.npz
602,80.0,25.0,prob_maps_grid_dlon+080_lat+25.npz
603,90.0,25.0,prob_maps_grid_dlon+090_lat+25.npz
604,100.0,25.0,prob_maps_grid_dlon+100_lat+25.npz
605,110.0,25.0,prob_maps_grid_dlon+110_lat+25.npz
606,120.0,25.0,prob_maps_grid_dlon+120_lat+25.npz
607,130.0,25.0,prob_maps_grid_dlon+130_lat+25.npz
608,140.0,25.0,prob_maps_grid_dlon+140_lat+25.npz
609,-140.0,35.0,prob_maps_grid_dlon-140_lat+35.npz
610,-130.0,35.0,prob_maps_grid_dlon-130_lat+35.npz
611,-120.0,35.0,prob_maps_grid_dlon-120_lat+35.npz
612,-110.0,35.0,prob_maps_grid_dlon-110_lat+35.npz
613,-100.0,35.0,prob_maps_grid_dlon-100_lat+35.npz
614,-90.0,35.0,prob_maps_grid_dlon-090_lat+35.npz
615,-80.0,35.0,prob_maps_grid_dlon-080_lat+35.npz
616,-70.0,35.0,prob_maps_grid_dlon-070_lat+35.npz
617,-60.0,35.0,prob_maps_grid_dlon-060_lat+35.npz
618,-50.0,35.0,prob_maps_grid_dlon-050_lat+35.npz
619,-40.0,35.0,prob_maps_grid_dlon-040_lat+35.npz
620,-30.0,35.0,prob_maps_grid_dlon-030_lat+35.npz
621,-20.0,35.0,prob_maps_grid_dlon-020_lat+35.npz
622,-10.0,35.0,prob_maps_grid_dlon-010_lat+35.npz
623,0.0,35.0,prob_maps_grid_dlon+000_lat+35.npz
624,10.0,35.0,prob_maps_grid_dlon+010_lat+35.npz
625,20.0,35.0,prob_maps_grid_dlon+020_lat+35.npz
626,30.0,35.0,prob_maps_grid_dlon+030_lat+35.npz
627,40.0,35.0,prob_maps_grid_dlon+040_lat+35.npz
628,50.0,35.0,prob_maps_grid_dlon+050_lat+35.npz
629,60.0,35.0,prob_maps_grid_dlon+060_lat+35.npz
630,70.0,35.0,prob_maps_grid_dlon+070_lat+35.npz
631,80.0,35.0,prob_maps_grid_dlon+080_lat+35.npz
632,90.0,35.0,prob_maps_grid_dlon+090_lat+35.npz
633,100.0,35.0,prob_maps_grid_dlon+100_lat+35.npz
634,110.0,35.0,prob_maps_grid_dlon+110_lat+35.npz
635,120.0,35.0,prob_maps_grid_dlon+120_lat+35.npz
636,130.0,35.0,prob_maps_grid_dlon+130_lat+35.npz
637,140.0,35.0,prob_maps_grid_dlon+140_lat+35.npz
638,-140.0,50.0,prob_maps_grid_dlon-140_lat+50.npz
639,-130.0,50.0,prob_maps_grid_dlon-130_lat+50.npz
640,-120.0,50.0,prob_maps_grid_dlon-120_lat+50.npz
641,-110.0,50.0,prob_maps_grid_dlon-110_lat+50.npz
642,-100.0,50.0,prob_maps_grid_dlon-100_lat+50.npz
643,-90.0,50.0,prob_maps_grid_dlon-090_lat+50.npz
644,-80.0,50.0,prob_maps_grid_dlon-080_lat+50.npz
645,-70.0,50.0,prob_maps_grid_dlon-070_lat+50.npz
646,-60.0,50.0,prob_maps_grid_dlon-060_lat+50.npz
647,-50.0,50.0,prob_maps_grid_dlon-050_lat+50.npz
648,-40.0,50.0,prob_maps_grid_dlon-040_lat+50.npz
649,-30.0,50.0,prob_maps_grid_dlon-030_lat+50.npz
650,-20.0,50.0,prob_maps_grid_dlon-020_lat+50.npz
651,-10.0,50.0,prob_maps_grid_dlon-010_lat+50.npz
652,0.0,50.0,prob_maps_grid_dlon+000_lat+50.npz
653,10.0,50.0,prob_maps_grid_dlon+010_lat+50.npz
654,20.0,50.0,prob_maps_grid_dlon+020_lat+50.npz
655,30.0,50.0,prob_maps_grid_dlon+030_lat+50.npz
656,40.0,50.0,prob_maps_grid_dlon+040_lat+50.npz
657,50.0,50.0,prob_maps_grid_dlon+050_lat+50.npz
658,60.0,50.0,prob_maps_grid_dlon+060_lat+50.npz
659,70.0,50.0,prob_maps_grid_dlon+070_lat+50.npz
660,80.0,50.0,prob_maps_grid_dlon+080_lat+50.npz
661,90.0,50.0,prob_maps_grid_dlon+090_lat+50.npz
662,100.0,50.0,prob_maps_grid_dlon+100_lat+50.npz
663,110.0,50.0,prob_maps_grid_dlon+110_lat+50.npz
664,120.0,50.0,prob_maps_grid_dlon+120_lat+50.npz
665,130.0,50.0,prob_maps_grid_dlon+130_lat+50.npz
666,140.0,50.0,prob_maps_grid_dlon+140_lat+50.npz
