snapshot_id,fetched_at_utc,batch_id,designation,ephem_time_utc,ra_hms,ra_deg,dec_dms,dec_deg,elong_deg,v_mag,motion_arcsec_per_min,pa_deg,uncertainty,source_url
20260523T054304Z,2026-05-23T05:43:04.624753Z,20260523T054304Z_batch01,SO0006A,2026-05-23T04:00:00Z,21 30 22.9,322.59541666666667,-36 24 16,-36.404444444444444,107.4,19.2,54.01,95.8,Map/Offsets   !,https://cgi.minorplanetcenter.net/cgi-bin/confirmeph2.cgi
20260523T054304Z,2026-05-23T05:43:04.624753Z,20260523T054304Z_batch01,SO0006A,2026-05-23T05:00:00Z,21 34 51.3,323.71375,-36 29 26,-36.49055555555556,106.6,19.2,54.4,95.1,Map/Offsets   !,https://cgi.minorplanetcenter.net/cgi-bin/confirmeph2.cgi
20260523T054304Z,2026-05-23T05:43:04.624753Z,20260523T054304Z_batch01,SO0006A,2026-05-23T06:00:00Z,21 39 22.0,324.84166666666664,-36 33 59,-36.56638888888889,105.8,19.2,54.76,94.5,Map/Offsets   !,https://cgi.minorplanetcenter.net/cgi-bin/confirmeph2.cgi
20260523T054304Z,2026-05-23T05:43:04.624753Z,20260523T054304Z_batch01,SO0006A,2026-05-23T07:00:00Z,21 43 55.0,325.9791666666667,-36 37 56,-36.632222222222225,105.0,19.3,55.1,93.8,Map/Offsets   !,https://cgi.minorplanetcenter.net/cgi-bin/confirmeph2.cgi
20260523T054304Z,2026-05-23T05:43:04.624753Z,20260523T054304Z_batch01,SO0006A,2026-05-23T08:00:00Z,21 48 30.0,327.125,-36 41 15,-36.6875,104.1,19.3,55.41,93.1,Map/Offsets   !,https://cgi.minorplanetcenter.net/cgi-bin/confirmeph2.cgi
20260523T054304Z,2026-05-23T05:43:04.624753Z,20260523T054304Z_batch01,SO0006A,2026-05-23T09:00:00Z,21 53 06.9,328.27875,-36 43 55,-36.731944444444444,103.3,19.3,55.7,92.4,Map/Offsets   !,https://cgi.minorplanetcenter.net/cgi-bin/confirmeph2.cgi
20260523T054304Z,2026-05-23T05:43:04.624753Z,20260523T054304Z_batch01,SO0006A,2026-05-23T10:00:00Z,21 57 45.4,329.4391666666666,-36 45 55,-36.765277777777776,102.4,19.3,55.95,91.7,Map/Offsets   !,https://cgi.minorplanetcenter.net/cgi-bin/confirmeph2.cgi
20260523T054304Z,2026-05-23T05:43:04.624753Z,20260523T054304Z_batch01,SO0006A,2026-05-23T11:00:00Z,22 02 25.3,330.6054166666667,-36 47 15,-36.7875,101.6,19.3,56.19,91.0,Map/Offsets   !,https://cgi.minorplanetcenter.net/cgi-bin/confirmeph2.cgi
20260523T054304Z,2026-05-23T05:43:04.624753Z,20260523T054304Z_batch01,SO0006A,2026-05-23T12:00:00Z,22 07 06.5,331.77708333333334,-36 47 54,-36.79833333333333,100.7,19.4,56.39,90.3,Map/Offsets   !,https://cgi.minorplanetcenter.net/cgi-bin/confirmeph2.cgi
20260523T054304Z,2026-05-23T05:43:04.624753Z,20260523T054304Z_batch01,SO0006A,2026-05-23T13:00:00Z,22 11 48.6,332.9525,-36 47 51,-36.7975,99.9,19.4,56.56,89.6,Map/Offsets   !,https://cgi.minorplanetcenter.net/cgi-bin/confirmeph2.cgi
20260523T054304Z,2026-05-23T05:43:04.624753Z,20260523T054304Z_batch01,SO0006A,2026-05-23T14:00:00Z,22 16 31.5,334.13124999999997,-36 47 07,-36.78527777777778,99.0,19.4,56.7,88.9,Map/Offsets   !,https://cgi.minorplanetcenter.net/cgi-bin/confirmeph2.cgi
20260523T054304Z,2026-05-23T05:43:04.624753Z,20260523T054304Z_batch01,SO0006A,2026-05-23T15:00:00Z,22 21 14.8,335.31166666666667,-36 45 41,-36.76138888888889,98.1,19.4,56.82,88.2,Map/Offsets   !,https://cgi.minorplanetcenter.net/cgi-bin/confirmeph2.cgi
20260523T054304Z,2026-05-23T05:43:04.624753Z,20260523T054304Z_batch01,SO0006A,2026-05-23T16:00:00Z,22 25 58.5,336.49375000000003,-36 43 32,-36.72555555555556,97.3,19.5,56.9,87.5,Map/Offsets   !,https://cgi.minorplanetcenter.net/cgi-bin/confirmeph2.cgi
20260523T054304Z,2026-05-23T05:43:04.624753Z,20260523T054304Z_batch01,SO0006A,2026-05-23T17:00:00Z,22 30 42.1,337.67541666666665,-36 40 41,-36.67805555555555,96.4,19.5,56.95,86.8,Map/Offsets   !,https://cgi.minorplanetcenter.net/cgi-bin/confirmeph2.cgi
20260523T054304Z,2026-05-23T05:43:04.624753Z,20260523T054304Z_batch01,SO0006A,2026-05-23T18:00:00Z,22 35 25.6,338.8566666666667,-36 37 09,-36.619166666666665,95.5,19.5,56.97,86.1,Map/Offsets   !,https://cgi.minorplanetcenter.net/cgi-bin/confirmeph2.cgi
20260523T054304Z,2026-05-23T05:43:04.624753Z,20260523T054304Z_batch01,SO0006A,2026-05-23T19:00:00Z,22 40 08.6,340.03583333333336,-36 32 54,-36.54833333333333,94.7,19.6,56.96,85.4,Map/Offsets   !,https://cgi.minorplanetcenter.net/cgi-bin/confirmeph2.cgi
20260523T054304Z,2026-05-23T05:43:04.624753Z,20260523T054304Z_batch01,SO0006A,2026-05-23T20:00:00Z,22 44 50.9,341.2120833333334,-36 27 57,-36.465833333333336,93.8,19.6,56.92,84.7,Map/Offsets   !,https://cgi.minorplanetcenter.net/cgi-bin/confirmeph2.cgi
20260523T054304Z,2026-05-23T05:43:04.624753Z,20260523T054304Z_batch01,SO0006A,2026-05-23T21:00:00Z,22 49 32.3,342.38458333333335,-36 22 20,-36.37222222222222,92.9,19.6,56.85,84.0,Map/Offsets   !,https://cgi.minorplanetcenter.net/cgi-bin/confirmeph2.cgi
20260523T054304Z,2026-05-23T05:43:04.624753Z,20260523T054304Z_batch01,SO0006A,2026-05-23T22:00:00Z,22 54 12.5,343.5520833333333,-36 16 02,-36.26722222222222,92.1,19.7,56.74,83.3,Map/Offsets   !,https://cgi.minorplanetcenter.net/cgi-bin/confirmeph2.cgi
20260523T054304Z,2026-05-23T05:43:04.624753Z,20260523T054304Z_batch01,SO0006A,2026-05-23T23:00:00Z,22 58 51.4,344.71416666666664,-36 09 04,-36.151111111111106,91.2,19.7,56.61,82.6,Map/Offsets   !,https://cgi.minorplanetcenter.net/cgi-bin/confirmeph2.cgi
20260523T054304Z,2026-05-23T05:43:04.624753Z,20260523T054304Z_batch01,SO0006A,2026-05-24T00:00:00Z,23 03 28.7,345.8695833333333,-36 01 27,-36.024166666666666,90.3,19.7,56.45,81.9,Map/Offsets   !,https://cgi.minorplanetcenter.net/cgi-bin/confirmeph2.cgi
20260523T054304Z,2026-05-23T05:43:04.624753Z,20260523T054304Z_batch01,SO0006A,2026-05-24T01:00:00Z,23 08 04.1,347.01708333333335,-35 53 12,-35.88666666666666,89.5,19.8,56.25,81.2,Map/Offsets   !,https://cgi.minorplanetcenter.net/cgi-bin/confirmeph2.cgi
20260523T054304Z,2026-05-23T05:43:04.624753Z,20260523T054304Z_batch01,SO0006A,2026-05-24T02:00:00Z,23 12 37.6,348.1566666666667,-35 44 20,-35.73888888888889,88.6,19.8,56.03,80.6,Map/Offsets   !,https://cgi.minorplanetcenter.net/cgi-bin/confirmeph2.cgi
20260523T054304Z,2026-05-23T05:43:04.624753Z,20260523T054304Z_batch01,SO0006A,2026-05-24T03:00:00Z,23 17 08.9,349.2870833333334,-35 34 52,-35.58111111111111,87.8,19.9,55.78,79.9,Map/Offsets   !,https://cgi.minorplanetcenter.net/cgi-bin/confirmeph2.cgi
20260523T054304Z,2026-05-23T05:43:04.624753Z,20260523T054304Z_batch01,SO0006A,2026-05-24T04:00:00Z,23 21 37.7,350.4070833333334,-35 24 49,-35.41361111111111,86.9,19.9,55.5,79.3,Map/Offsets   !,https://cgi.minorplanetcenter.net/cgi-bin/confirmeph2.cgi
20260523T054304Z,2026-05-23T05:43:04.624753Z,20260523T054304Z_batch01,ST26EE4,2026-05-23T04:00:00Z,18 29 12.4,277.3016666666667,+19 41 26,19.690555555555555,125.4,21.3,14.61,51.8,Map/Offsets   !,https://cgi.minorplanetcenter.net/cgi-bin/confirmeph2.cgi
20260523T054304Z,2026-05-23T05:43:04.624753Z,20260523T054304Z_batch01,ST26EE4,2026-05-23T05:00:00Z,18 30 00.2,277.50083333333333,+19 50 17,19.838055555555556,125.2,21.3,14.03,51.8,Map/Offsets   !,https://cgi.minorplanetcenter.net/cgi-bin/confirmeph2.cgi
20260523T054304Z,2026-05-23T05:43:04.624753Z,20260523T054304Z_batch01,ST26EE4,2026-05-23T06:00:00Z,18 30 46.2,277.6925,+19 58 46,19.979444444444443,125.0,21.4,13.48,51.9,Map/Offsets   !,https://cgi.minorplanetcenter.net/cgi-bin/confirmeph2.cgi
20260523T054304Z,2026-05-23T05:43:04.624753Z,20260523T054304Z_batch01,ST26EE4,2026-05-23T07:00:00Z,18 31 30.5,277.87708333333336,+20 06 55,20.11527777777778,124.8,21.4,12.96,52.0,Map/Offsets   !,https://cgi.minorplanetcenter.net/cgi-bin/confirmeph2.cgi
20260523T054304Z,2026-05-23T05:43:04.624753Z,20260523T054304Z_batch01,ST26EE4,2026-05-23T08:00:00Z,18 32 13.2,278.05500000000006,+20 14 44,20.245555555555555,124.6,21.5,12.47,52.0,Map/Offsets   !,https://cgi.minorplanetcenter.net/cgi-bin/confirmeph2.cgi
20260523T054304Z,2026-05-23T05:43:04.624753Z,20260523T054304Z_batch01,ST26EE4,2026-05-23T09:00:00Z,18 32 54.4,278.2266666666667,+20 22 16,20.371111111111112,124.4,21.5,12.0,52.1,Map/Offsets   !,https://cgi.minorplanetcenter.net/cgi-bin/confirmeph2.cgi
20260523T054304Z,2026-05-23T05:43:04.624753Z,20260523T054304Z_batch01,ST26EE4,2026-05-23T10:00:00Z,18 33 34.1,278.39208333333335,+20 29 29,20.49138888888889,124.3,21.6,11.56,52.2,Map/Offsets   !,https://cgi.minorplanetcenter.net/cgi-bin/confirmeph2.cgi
20260523T054304Z,2026-05-23T05:43:04.624753Z,20260523T054304Z_batch01,ST26EE4,2026-05-23T11:00:00Z,18 34 12.4,278.5516666666667,+20 36 27,20.6075,124.1,21.6,11.15,52.2,Map/Offsets   !,https://cgi.minorplanetcenter.net/cgi-bin/confirmeph2.cgi
20260523T054304Z,2026-05-23T05:43:04.624753Z,20260523T054304Z_batch01,ST26EE4,2026-05-23T12:00:00Z,18 34 49.4,278.7058333333333,+20 43 09,20.719166666666666,123.9,21.6,10.75,52.3,Map/Offsets   !,https://cgi.minorplanetcenter.net/cgi-bin/confirmeph2.cgi
20260523T054304Z,2026-05-23T05:43:04.624753Z,20260523T054304Z_batch01,ST26EE4,2026-05-23T13:00:00Z,18 35 25.2,278.855,+20 49 36,20.826666666666668,123.8,21.7,10.38,52.3,Map/Offsets   !,https://cgi.minorplanetcenter.net/cgi-bin/confirmeph2.cgi
20260523T054304Z,2026-05-23T05:43:04.624753Z,20260523T054304Z_batch01,ST26EE4,2026-05-23T14:00:00Z,18 35 59.8,278.99916666666667,+20 55 50,20.930555555555557,123.6,21.7,10.02,52.4,Map/Offsets   !,https://cgi.minorplanetcenter.net/cgi-bin/confirmeph2.cgi
20260523T054304Z,2026-05-23T05:43:04.624753Z,20260523T054304Z_batch01,ST26EE4,2026-05-23T15:00:00Z,18 36 33.2,279.1383333333333,+21 01 51,21.030833333333334,123.5,21.8,9.69,52.5,Map/Offsets   !,https://cgi.minorplanetcenter.net/cgi-bin/confirmeph2.cgi
20260523T054304Z,2026-05-23T05:43:04.624753Z,20260523T054304Z_batch01,ST26EE4,2026-05-23T16:00:00Z,18 37 05.6,279.2733333333333,+21 07 39,21.1275,123.4,21.8,9.37,52.5,Map/Offsets   !,https://cgi.minorplanetcenter.net/cgi-bin/confirmeph2.cgi
20260523T054304Z,2026-05-23T05:43:04.624753Z,20260523T054304Z_batch01,ST26EE4,2026-05-23T17:00:00Z,18 37 37.0,279.40416666666664,+21 13 15,21.22083333333333,123.2,21.8,9.06,52.6,Map/Offsets   !,https://cgi.minorplanetcenter.net/cgi-bin/confirmeph2.cgi
20260523T054304Z,2026-05-23T05:43:04.624753Z,20260523T054304Z_batch01,ST26EE4,2026-05-23T18:00:00Z,18 38 07.4,279.5308333333333,+21 18 40,21.311111111111114,123.1,21.9,8.77,52.6,Map/Offsets   !,https://cgi.minorplanetcenter.net/cgi-bin/confirmeph2.cgi
20260523T054304Z,2026-05-23T05:43:04.624753Z,20260523T054304Z_batch01,ST26EE4,2026-05-23T19:00:00Z,18 38 36.8,279.6533333333333,+21 23 54,21.398333333333333,123.0,21.9,8.49,52.7,Map/Offsets   !,https://cgi.minorplanetcenter.net/cgi-bin/confirmeph2.cgi
20260523T054304Z,2026-05-23T05:43:04.624753Z,20260523T054304Z_batch01,ST26EE4,2026-05-23T20:00:00Z,18 39 05.4,279.7725,+21 28 58,21.482777777777777,122.9,22.0,8.23,52.7,Map/Offsets   !,https://cgi.minorplanetcenter.net/cgi-bin/confirmeph2.cgi
20260523T054304Z,2026-05-23T05:43:04.624753Z,20260523T054304Z_batch01,ST26EE4,2026-05-23T21:00:00Z,18 39 33.1,279.8879166666666,+21 33 52,21.564444444444444,122.8,22.0,7.97,52.8,Map/Offsets   !,https://cgi.minorplanetcenter.net/cgi-bin/confirmeph2.cgi
20260523T054304Z,2026-05-23T05:43:04.624753Z,20260523T054304Z_batch01,ST26EE4,2026-05-23T22:00:00Z,18 40 00.0,280.0,+21 38 37,21.64361111111111,122.7,22.0,7.73,52.8,Map/Offsets   !,https://cgi.minorplanetcenter.net/cgi-bin/confirmeph2.cgi
20260523T054304Z,2026-05-23T05:43:04.624753Z,20260523T054304Z_batch01,ST26EE4,2026-05-23T23:00:00Z,18 40 26.2,280.1091666666667,+21 43 13,21.720277777777778,122.6,22.1,7.5,52.9,Map/Offsets   !,https://cgi.minorplanetcenter.net/cgi-bin/confirmeph2.cgi
20260523T054304Z,2026-05-23T05:43:04.624753Z,20260523T054304Z_batch01,ST26EE4,2026-05-24T00:00:00Z,18 40 51.5,280.21458333333334,+21 47 41,21.794722222222223,122.5,22.1,7.28,52.9,Map/Offsets   !,https://cgi.minorplanetcenter.net/cgi-bin/confirmeph2.cgi
20260523T054304Z,2026-05-23T05:43:04.624753Z,20260523T054304Z_batch01,ST26EE4,2026-05-24T01:00:00Z,18 41 16.2,280.3175,+21 52 00,21.866666666666667,122.4,22.1,7.07,52.9,Map/Offsets   !,https://cgi.minorplanetcenter.net/cgi-bin/confirmeph2.cgi
20260523T054304Z,2026-05-23T05:43:04.624753Z,20260523T054304Z_batch01,ST26EE4,2026-05-24T02:00:00Z,18 41 40.2,280.4175,+21 56 12,21.936666666666667,122.3,22.2,6.87,53.0,Map/Offsets   !,https://cgi.minorplanetcenter.net/cgi-bin/confirmeph2.cgi
20260523T054304Z,2026-05-23T05:43:04.624753Z,20260523T054304Z_batch01,ST26EE4,2026-05-24T03:00:00Z,18 42 03.5,280.51458333333335,+22 00 17,22.004722222222224,122.2,22.2,6.67,53.0,Map/Offsets   !,https://cgi.minorplanetcenter.net/cgi-bin/confirmeph2.cgi
20260523T054304Z,2026-05-23T05:43:04.624753Z,20260523T054304Z_batch01,ST26EE4,2026-05-24T04:00:00Z,18 42 26.2,280.6091666666666,+22 04 14,22.070555555555554,122.1,22.2,6.49,53.1,Map/Offsets   !,https://cgi.minorplanetcenter.net/cgi-bin/confirmeph2.cgi
20260523T054304Z,2026-05-23T05:43:04.624753Z,20260523T054304Z_batch01,NAOCBPP,2026-05-23T04:00:00Z,14 51 20.3,222.83458333333334,-18 51 22,-18.85611111111111,164.1,22.1,1.72,163.2,Map/Offsets   Map/Offsets,https://cgi.minorplanetcenter.net/cgi-bin/confirmeph2.cgi
20260523T054304Z,2026-05-23T05:43:04.624753Z,20260523T054304Z_batch01,NAOCBPP,2026-05-23T05:00:00Z,14 51 22.4,222.84333333333333,-18 53 00,-18.883333333333333,164.1,22.1,1.72,163.1,Map/Offsets   Map/Offsets,https://cgi.minorplanetcenter.net/cgi-bin/confirmeph2.cgi
20260523T054304Z,2026-05-23T05:43:04.624753Z,20260523T054304Z_batch01,NAOCBPP,2026-05-23T06:00:00Z,14 51 24.5,222.85208333333333,-18 54 39,-18.910833333333333,164.1,22.1,1.71,163.1,Map/Offsets   Map/Offsets,https://cgi.minorplanetcenter.net/cgi-bin/confirmeph2.cgi
20260523T054304Z,2026-05-23T05:43:04.624753Z,20260523T054304Z_batch01,NAOCBPP,2026-05-23T07:00:00Z,14 51 26.6,222.86083333333332,-18 56 17,-18.938055555555557,164.1,22.1,1.71,163.1,Map/Offsets   Map/Offsets,https://cgi.minorplanetcenter.net/cgi-bin/confirmeph2.cgi
20260523T054304Z,2026-05-23T05:43:04.624753Z,20260523T054304Z_batch01,NAOCBPP,2026-05-23T08:00:00Z,14 51 28.8,222.86999999999998,-18 57 56,-18.965555555555554,164.0,22.1,1.71,163.1,Map/Offsets   Map/Offsets,https://cgi.minorplanetcenter.net/cgi-bin/confirmeph2.cgi
20260523T054304Z,2026-05-23T05:43:04.624753Z,20260523T054304Z_batch01,NAOCBPP,2026-05-23T09:00:00Z,14 51 30.9,222.87875,-18 59 34,-18.99277777777778,164.0,22.1,1.71,163.0,Map/Offsets   Map/Offsets,https://cgi.minorplanetcenter.net/cgi-bin/confirmeph2.cgi
20260523T054304Z,2026-05-23T05:43:04.624753Z,20260523T054304Z_batch01,NAOCBPP,2026-05-23T10:00:00Z,14 51 33.0,222.8875,-19 01 12,-19.02,164.0,22.1,1.71,163.0,Map/Offsets   Map/Offsets,https://cgi.minorplanetcenter.net/cgi-bin/confirmeph2.cgi
20260523T054304Z,2026-05-23T05:43:04.624753Z,20260523T054304Z_batch01,NAOCBPP,2026-05-23T11:00:00Z,14 51 35.1,222.89625,-19 02 50,-19.047222222222224,164.0,22.1,1.71,163.0,Map/Offsets   Map/Offsets,https://cgi.minorplanetcenter.net/cgi-bin/confirmeph2.cgi
20260523T054304Z,2026-05-23T05:43:04.624753Z,20260523T054304Z_batch01,NAOCBPP,2026-05-23T12:00:00Z,14 51 37.2,222.905,-19 04 28,-19.074444444444445,163.9,22.1,1.71,163.0,Map/Offsets   Map/Offsets,https://cgi.minorplanetcenter.net/cgi-bin/confirmeph2.cgi
20260523T054304Z,2026-05-23T05:43:04.624753Z,20260523T054304Z_batch01,NAOCBPP,2026-05-23T13:00:00Z,14 51 39.3,222.91375,-19 06 06,-19.101666666666667,163.9,22.1,1.71,162.9,Map/Offsets   Map/Offsets,https://cgi.minorplanetcenter.net/cgi-bin/confirmeph2.cgi
20260523T054304Z,2026-05-23T05:43:04.624753Z,20260523T054304Z_batch01,NAOCBPP,2026-05-23T14:00:00Z,14 51 41.4,222.92249999999999,-19 07 43,-19.128611111111113,163.9,22.1,1.7,162.9,Map/Offsets   Map/Offsets,https://cgi.minorplanetcenter.net/cgi-bin/confirmeph2.cgi
20260523T054304Z,2026-05-23T05:43:04.624753Z,20260523T054304Z_batch01,NAOCBPP,2026-05-23T15:00:00Z,14 51 43.6,222.93166666666664,-19 09 21,-19.15583333333333,163.8,22.1,1.7,162.9,Map/Offsets   Map/Offsets,https://cgi.minorplanetcenter.net/cgi-bin/confirmeph2.cgi
20260523T054304Z,2026-05-23T05:43:04.624753Z,20260523T054304Z_batch01,NAOCBPP,2026-05-23T16:00:00Z,14 51 45.7,222.94041666666664,-19 10 59,-19.18305555555556,163.8,22.1,1.7,162.9,Map/Offsets   Map/Offsets,https://cgi.minorplanetcenter.net/cgi-bin/confirmeph2.cgi
20260523T054304Z,2026-05-23T05:43:04.624753Z,20260523T054304Z_batch01,NAOCBPP,2026-05-23T17:00:00Z,14 51 47.8,222.94916666666668,-19 12 36,-19.21,163.8,22.1,1.7,162.8,Map/Offsets   Map/Offsets,https://cgi.minorplanetcenter.net/cgi-bin/confirmeph2.cgi
20260523T054304Z,2026-05-23T05:43:04.624753Z,20260523T054304Z_batch01,NAOCBPP,2026-05-23T18:00:00Z,14 51 49.9,222.95791666666668,-19 14 14,-19.237222222222222,163.8,22.1,1.7,162.8,Map/Offsets   Map/Offsets,https://cgi.minorplanetcenter.net/cgi-bin/confirmeph2.cgi
20260523T054304Z,2026-05-23T05:43:04.624753Z,20260523T054304Z_batch01,NAOCBPP,2026-05-23T19:00:00Z,14 51 52.1,222.96708333333333,-19 15 51,-19.264166666666668,163.7,22.1,1.7,162.8,Map/Offsets   Map/Offsets,https://cgi.minorplanetcenter.net/cgi-bin/confirmeph2.cgi
20260523T054304Z,2026-05-23T05:43:04.624753Z,20260523T054304Z_batch01,NAOCBPP,2026-05-23T20:00:00Z,14 51 54.2,222.97583333333333,-19 17 28,-19.291111111111114,163.7,22.1,1.7,162.8,Map/Offsets   Map/Offsets,https://cgi.minorplanetcenter.net/cgi-bin/confirmeph2.cgi
20260523T054304Z,2026-05-23T05:43:04.624753Z,20260523T054304Z_batch01,NAOCBPP,2026-05-23T21:00:00Z,14 51 56.3,222.98458333333332,-19 19 05,-19.318055555555556,163.7,22.1,1.69,162.7,Map/Offsets   Map/Offsets,https://cgi.minorplanetcenter.net/cgi-bin/confirmeph2.cgi
20260523T054304Z,2026-05-23T05:43:04.624753Z,20260523T054304Z_batch01,NAOCBPP,2026-05-23T22:00:00Z,14 51 58.4,222.9933333333333,-19 20 42,-19.345,163.7,22.1,1.69,162.7,Map/Offsets   Map/Offsets,https://cgi.minorplanetcenter.net/cgi-bin/confirmeph2.cgi
20260523T054304Z,2026-05-23T05:43:04.624753Z,20260523T054304Z_batch01,NAOCBPP,2026-05-23T23:00:00Z,14 52 00.6,223.0025,-19 22 19,-19.371944444444445,163.6,22.1,1.69,162.7,Map/Offsets   Map/Offsets,https://cgi.minorplanetcenter.net/cgi-bin/confirmeph2.cgi
20260523T054304Z,2026-05-23T05:43:04.624753Z,20260523T054304Z_batch01,NAOCBPP,2026-05-24T00:00:00Z,14 52 02.7,223.01125000000002,-19 23 56,-19.398888888888887,163.6,22.1,1.69,162.7,Map/Offsets   Map/Offsets,https://cgi.minorplanetcenter.net/cgi-bin/confirmeph2.cgi
20260523T054304Z,2026-05-23T05:43:04.624753Z,20260523T054304Z_batch01,NAOCBPP,2026-05-24T01:00:00Z,14 52 04.8,223.02,-19 25 33,-19.425833333333333,163.6,22.1,1.69,162.6,Map/Offsets   Map/Offsets,https://cgi.minorplanetcenter.net/cgi-bin/confirmeph2.cgi
20260523T054304Z,2026-05-23T05:43:04.624753Z,20260523T054304Z_batch01,NAOCBPP,2026-05-24T02:00:00Z,14 52 07.0,223.02916666666667,-19 27 10,-19.452777777777776,163.5,22.1,1.69,162.6,Map/Offsets   Map/Offsets,https://cgi.minorplanetcenter.net/cgi-bin/confirmeph2.cgi
20260523T054304Z,2026-05-23T05:43:04.624753Z,20260523T054304Z_batch01,NAOCBPP,2026-05-24T03:00:00Z,14 52 09.1,223.03791666666666,-19 28 46,-19.479444444444443,163.5,22.1,1.69,162.6,Map/Offsets   Map/Offsets,https://cgi.minorplanetcenter.net/cgi-bin/confirmeph2.cgi
20260523T054304Z,2026-05-23T05:43:04.624753Z,20260523T054304Z_batch01,NAOCBPP,2026-05-24T04:00:00Z,14 52 11.3,223.04708333333335,-19 30 23,-19.50638888888889,163.5,22.1,1.68,162.6,Map/Offsets   Map/Offsets,https://cgi.minorplanetcenter.net/cgi-bin/confirmeph2.cgi
20260523T054304Z,2026-05-23T05:43:04.624753Z,20260523T054304Z_batch01,8N2S001,2026-05-23T04:00:00Z,17 41 07.6,265.2816666666667,+13 26 37,13.443611111111112,137.7,19.4,14.53,208.6,Map/Offsets,https://cgi.minorplanetcenter.net/cgi-bin/confirmeph2.cgi
20260523T054304Z,2026-05-23T05:43:04.624753Z,20260523T054304Z_batch01,8N2S001,2026-05-23T05:00:00Z,17 40 39.1,265.1629166666667,+13 13 53,13.231388888888889,137.9,19.4,14.46,208.6,Map/Offsets,https://cgi.minorplanetcenter.net/cgi-bin/confirmeph2.cgi
20260523T054304Z,2026-05-23T05:43:04.624753Z,20260523T054304Z_batch01,8N2S001,2026-05-23T06:00:00Z,17 40 10.7,265.0445833333334,+13 01 13,13.020277777777778,138.2,19.4,14.39,208.5,Map/Offsets,https://cgi.minorplanetcenter.net/cgi-bin/confirmeph2.cgi
20260523T054304Z,2026-05-23T05:43:04.624753Z,20260523T054304Z_batch01,8N2S001,2026-05-23T07:00:00Z,17 39 42.6,264.92749999999995,+12 48 37,12.81027777777778,138.5,19.4,14.31,208.5,Map/Offsets,https://cgi.minorplanetcenter.net/cgi-bin/confirmeph2.cgi
20260523T054304Z,2026-05-23T05:43:04.624753Z,20260523T054304Z_batch01,8N2S001,2026-05-23T08:00:00Z,17 39 14.7,264.81125,+12 36 04,12.601111111111111,138.7,19.4,14.24,208.5,Map/Offsets,https://cgi.minorplanetcenter.net/cgi-bin/confirmeph2.cgi
20260523T054304Z,2026-05-23T05:43:04.624753Z,20260523T054304Z_batch01,8N2S001,2026-05-23T09:00:00Z,17 38 46.9,264.6954166666667,+12 23 35,12.393055555555556,139.0,19.4,14.16,208.5,Map/Offsets,https://cgi.minorplanetcenter.net/cgi-bin/confirmeph2.cgi
20260523T054304Z,2026-05-23T05:43:04.624753Z,20260523T054304Z_batch01,8N2S001,2026-05-23T10:00:00Z,17 38 19.4,264.5808333333333,+12 11 10,12.186111111111112,139.2,19.4,14.09,208.4,Map/Offsets,https://cgi.minorplanetcenter.net/cgi-bin/confirmeph2.cgi
20260523T054304Z,2026-05-23T05:43:04.624753Z,20260523T054304Z_batch01,8N2S001,2026-05-23T11:00:00Z,17 37 52.0,264.46666666666664,+11 58 49,11.980277777777777,139.5,19.4,14.02,208.4,Map/Offsets,https://cgi.minorplanetcenter.net/cgi-bin/confirmeph2.cgi
20260523T054304Z,2026-05-23T05:43:04.624753Z,20260523T054304Z_batch01,8N2S001,2026-05-23T12:00:00Z,17 37 24.8,264.35333333333335,+11 46 31,11.775277777777779,139.7,19.4,13.94,208.4,Map/Offsets,https://cgi.minorplanetcenter.net/cgi-bin/confirmeph2.cgi
20260523T054304Z,2026-05-23T05:43:04.624753Z,20260523T054304Z_batch01,8N2S001,2026-05-23T13:00:00Z,17 36 57.8,264.2408333333334,+11 34 17,11.571388888888889,140.0,19.4,13.87,208.4,Map/Offsets,https://cgi.minorplanetcenter.net/cgi-bin/confirmeph2.cgi
20260523T054304Z,2026-05-23T05:43:04.624753Z,20260523T054304Z_batch01,8N2S001,2026-05-23T14:00:00Z,17 36 31.0,264.1291666666667,+11 22 07,11.368611111111111,140.2,19.4,13.79,208.4,Map/Offsets,https://cgi.minorplanetcenter.net/cgi-bin/confirmeph2.cgi
20260523T054304Z,2026-05-23T05:43:04.624753Z,20260523T054304Z_batch01,8N2S001,2026-05-23T15:00:00Z,17 36 04.4,264.0183333333333,+11 10 00,11.166666666666666,140.5,19.4,13.72,208.3,Map/Offsets,https://cgi.minorplanetcenter.net/cgi-bin/confirmeph2.cgi
20260523T054304Z,2026-05-23T05:43:04.624753Z,20260523T054304Z_batch01,8N2S001,2026-05-23T16:00:00Z,17 35 37.9,263.90791666666667,+10 57 57,10.965833333333332,140.7,19.4,13.65,208.3,Map/Offsets,https://cgi.minorplanetcenter.net/cgi-bin/confirmeph2.cgi
20260523T054304Z,2026-05-23T05:43:04.624753Z,20260523T054304Z_batch01,8N2S001,2026-05-23T17:00:00Z,17 35 11.6,263.79833333333335,+10 45 58,10.766111111111112,140.9,19.4,13.58,208.3,Map/Offsets,https://cgi.minorplanetcenter.net/cgi-bin/confirmeph2.cgi
20260523T054304Z,2026-05-23T05:43:04.624753Z,20260523T054304Z_batch01,8N2S001,2026-05-23T18:00:00Z,17 34 45.5,263.68958333333336,+10 34 03,10.567499999999999,141.2,19.4,13.5,208.3,Map/Offsets,https://cgi.minorplanetcenter.net/cgi-bin/confirmeph2.cgi
20260523T054304Z,2026-05-23T05:43:04.624753Z,20260523T054304Z_batch01,8N2S001,2026-05-23T19:00:00Z,17 34 19.6,263.58166666666665,+10 22 11,10.369722222222222,141.4,19.4,13.43,208.3,Map/Offsets,https://cgi.minorplanetcenter.net/cgi-bin/confirmeph2.cgi
20260523T054304Z,2026-05-23T05:43:04.624753Z,20260523T054304Z_batch01,8N2S001,2026-05-23T20:00:00Z,17 33 53.8,263.4741666666667,+10 10 23,10.173055555555555,141.7,19.4,13.36,208.2,Map/Offsets,https://cgi.minorplanetcenter.net/cgi-bin/confirmeph2.cgi
20260523T054304Z,2026-05-23T05:43:04.624753Z,20260523T054304Z_batch01,8N2S001,2026-05-23T21:00:00Z,17 33 28.2,263.3675,+09 58 39,9.977500000000001,141.9,19.4,13.28,208.2,Map/Offsets,https://cgi.minorplanetcenter.net/cgi-bin/confirmeph2.cgi
20260523T054304Z,2026-05-23T05:43:04.624753Z,20260523T054304Z_batch01,8N2S001,2026-05-23T22:00:00Z,17 33 02.8,263.26166666666666,+09 46 59,9.783055555555556,142.1,19.4,13.21,208.2,Map/Offsets,https://cgi.minorplanetcenter.net/cgi-bin/confirmeph2.cgi
20260523T054304Z,2026-05-23T05:43:04.624753Z,20260523T054304Z_batch01,8N2S001,2026-05-23T23:00:00Z,17 32 37.5,263.15625000000006,+09 35 22,9.589444444444444,142.4,19.4,13.14,208.2,Map/Offsets,https://cgi.minorplanetcenter.net/cgi-bin/confirmeph2.cgi
20260523T054304Z,2026-05-23T05:43:04.624753Z,20260523T054304Z_batch01,8N2S001,2026-05-24T00:00:00Z,17 32 12.4,263.0516666666667,+09 23 49,9.396944444444443,142.6,19.4,13.07,208.2,Map/Offsets,https://cgi.minorplanetcenter.net/cgi-bin/confirmeph2.cgi
20260523T054304Z,2026-05-23T05:43:04.624753Z,20260523T054304Z_batch01,8N2S001,2026-05-24T01:00:00Z,17 31 47.5,262.94791666666663,+09 12 19,9.205277777777777,142.8,19.4,13.0,208.2,Map/Offsets,https://cgi.minorplanetcenter.net/cgi-bin/confirmeph2.cgi
20260523T054304Z,2026-05-23T05:43:04.624753Z,20260523T054304Z_batch01,8N2S001,2026-05-24T02:00:00Z,17 31 22.7,262.84458333333333,+09 00 53,9.014722222222222,143.1,19.4,12.93,208.1,Map/Offsets,https://cgi.minorplanetcenter.net/cgi-bin/confirmeph2.cgi
20260523T054304Z,2026-05-23T05:43:04.624753Z,20260523T054304Z_batch01,8N2S001,2026-05-24T03:00:00Z,17 30 58.1,262.7420833333333,+08 49 31,8.825277777777778,143.3,19.4,12.86,208.1,Map/Offsets,https://cgi.minorplanetcenter.net/cgi-bin/confirmeph2.cgi
20260523T054304Z,2026-05-23T05:43:04.624753Z,20260523T054304Z_batch01,8N2S001,2026-05-24T04:00:00Z,17 30 33.7,262.6404166666667,+08 38 13,8.636944444444444,143.5,19.4,12.78,208.1,Map/Offsets,https://cgi.minorplanetcenter.net/cgi-bin/confirmeph2.cgi
20260523T054304Z,2026-05-23T05:43:04.624753Z,20260523T054304Z_batch01,CZYNHKZ,2026-05-23T04:00:00Z,16 21 14.8,245.3116666666667,+02 19 08,2.3188888888888886,156.5,21.4,1.36,246.9,Map/Offsets   Map/Offsets,https://cgi.minorplanetcenter.net/cgi-bin/confirmeph2.cgi
20260523T054304Z,2026-05-23T05:43:04.624753Z,20260523T054304Z_batch01,CZYNHKZ,2026-05-23T05:00:00Z,16 21 09.8,245.29083333333335,+02 18 36,2.3099999999999996,156.5,21.4,1.36,246.9,Map/Offsets   Map/Offsets,https://cgi.minorplanetcenter.net/cgi-bin/confirmeph2.cgi
20260523T054304Z,2026-05-23T05:43:04.624753Z,20260523T054304Z_batch01,CZYNHKZ,2026-05-23T06:00:00Z,16 21 04.7,245.26958333333334,+02 18 04,2.301111111111111,156.5,21.4,1.36,246.8,Map/Offsets   Map/Offsets,https://cgi.minorplanetcenter.net/cgi-bin/confirmeph2.cgi
20260523T054304Z,2026-05-23T05:43:04.624753Z,20260523T054304Z_batch01,CZYNHKZ,2026-05-23T07:00:00Z,16 20 59.7,245.24874999999997,+02 17 32,2.292222222222222,156.5,21.4,1.36,246.8,Map/Offsets   Map/Offsets,https://cgi.minorplanetcenter.net/cgi-bin/confirmeph2.cgi
20260523T054304Z,2026-05-23T05:43:04.624753Z,20260523T054304Z_batch01,CZYNHKZ,2026-05-23T08:00:00Z,16 20 54.7,245.22791666666663,+02 16 59,2.2830555555555554,156.6,21.4,1.36,246.7,Map/Offsets   Map/Offsets,https://cgi.minorplanetcenter.net/cgi-bin/confirmeph2.cgi
20260523T054304Z,2026-05-23T05:43:04.624753Z,20260523T054304Z_batch01,CZYNHKZ,2026-05-23T09:00:00Z,16 20 49.7,245.20708333333334,+02 16 27,2.2741666666666664,156.6,21.4,1.36,246.7,Map/Offsets   Map/Offsets,https://cgi.minorplanetcenter.net/cgi-bin/confirmeph2.cgi
20260523T054304Z,2026-05-23T05:43:04.624753Z,20260523T054304Z_batch01,CZYNHKZ,2026-05-23T10:00:00Z,16 20 44.7,245.18624999999997,+02 15 55,2.265277777777778,156.6,21.4,1.36,246.6,Map/Offsets   Map/Offsets,https://cgi.minorplanetcenter.net/cgi-bin/confirmeph2.cgi
20260523T054304Z,2026-05-23T05:43:04.624753Z,20260523T054304Z_batch01,CZYNHKZ,2026-05-23T11:00:00Z,16 20 39.7,245.16541666666663,+02 15 22,2.256111111111111,156.6,21.4,1.36,246.6,Map/Offsets   Map/Offsets,https://cgi.minorplanetcenter.net/cgi-bin/confirmeph2.cgi
20260523T054304Z,2026-05-23T05:43:04.624753Z,20260523T054304Z_batch01,CZYNHKZ,2026-05-23T12:00:00Z,16 20 34.7,245.14458333333334,+02 14 50,2.2472222222222222,156.6,21.4,1.36,246.6,Map/Offsets   Map/Offsets,https://cgi.minorplanetcenter.net/cgi-bin/confirmeph2.cgi
20260523T054304Z,2026-05-23T05:43:04.624753Z,20260523T054304Z_batch01,CZYNHKZ,2026-05-23T13:00:00Z,16 20 29.7,245.12374999999997,+02 14 17,2.2380555555555555,156.6,21.4,1.36,246.5,Map/Offsets   Map/Offsets,https://cgi.minorplanetcenter.net/cgi-bin/confirmeph2.cgi
20260523T054304Z,2026-05-23T05:43:04.624753Z,20260523T054304Z_batch01,CZYNHKZ,2026-05-23T14:00:00Z,16 20 24.7,245.10291666666663,+02 13 45,2.229166666666667,156.7,21.4,1.36,246.5,Map/Offsets   Map/Offsets,https://cgi.minorplanetcenter.net/cgi-bin/confirmeph2.cgi
20260523T054304Z,2026-05-23T05:43:04.624753Z,20260523T054304Z_batch01,CZYNHKZ,2026-05-23T15:00:00Z,16 20 19.7,245.08208333333334,+02 13 12,2.22,156.7,21.4,1.36,246.4,Map/Offsets   Map/Offsets,https://cgi.minorplanetcenter.net/cgi-bin/confirmeph2.cgi
20260523T054304Z,2026-05-23T05:43:04.624753Z,20260523T054304Z_batch01,CZYNHKZ,2026-05-23T16:00:00Z,16 20 14.7,245.06125,+02 12 39,2.2108333333333334,156.7,21.4,1.37,246.4,Map/Offsets   Map/Offsets,https://cgi.minorplanetcenter.net/cgi-bin/confirmeph2.cgi
20260523T054304Z,2026-05-23T05:43:04.624753Z,20260523T054304Z_batch01,CZYNHKZ,2026-05-23T17:00:00Z,16 20 09.7,245.04041666666663,+02 12 06,2.2016666666666667,156.7,21.4,1.37,246.3,Map/Offsets   Map/Offsets,https://cgi.minorplanetcenter.net/cgi-bin/confirmeph2.cgi
20260523T054304Z,2026-05-23T05:43:04.624753Z,20260523T054304Z_batch01,CZYNHKZ,2026-05-23T18:00:00Z,16 20 04.7,245.0195833333333,+02 11 33,2.1925,156.7,21.4,1.37,246.3,Map/Offsets   Map/Offsets,https://cgi.minorplanetcenter.net/cgi-bin/confirmeph2.cgi
20260523T054304Z,2026-05-23T05:43:04.624753Z,20260523T054304Z_batch01,CZYNHKZ,2026-05-23T19:00:00Z,16 19 59.7,244.99875,+02 11 00,2.183333333333333,156.7,21.4,1.37,246.2,Map/Offsets   Map/Offsets,https://cgi.minorplanetcenter.net/cgi-bin/confirmeph2.cgi
20260523T054304Z,2026-05-23T05:43:04.624753Z,20260523T054304Z_batch01,CZYNHKZ,2026-05-23T20:00:00Z,16 19 54.7,244.97791666666666,+02 10 27,2.1741666666666664,156.7,21.4,1.37,246.2,Map/Offsets   Map/Offsets,https://cgi.minorplanetcenter.net/cgi-bin/confirmeph2.cgi
20260523T054304Z,2026-05-23T05:43:04.624753Z,20260523T054304Z_batch01,CZYNHKZ,2026-05-23T21:00:00Z,16 19 49.6,244.95666666666668,+02 09 54,2.165,156.7,21.4,1.37,246.2,Map/Offsets   Map/Offsets,https://cgi.minorplanetcenter.net/cgi-bin/confirmeph2.cgi
20260523T054304Z,2026-05-23T05:43:04.624753Z,20260523T054304Z_batch01,CZYNHKZ,2026-05-23T22:00:00Z,16 19 44.6,244.93583333333333,+02 09 21,2.1558333333333333,156.8,21.4,1.37,246.1,Map/Offsets   Map/Offsets,https://cgi.minorplanetcenter.net/cgi-bin/confirmeph2.cgi
20260523T054304Z,2026-05-23T05:43:04.624753Z,20260523T054304Z_batch01,CZYNHKZ,2026-05-23T23:00:00Z,16 19 39.6,244.915,+02 08 47,2.1463888888888887,156.8,21.4,1.37,246.1,Map/Offsets   Map/Offsets,https://cgi.minorplanetcenter.net/cgi-bin/confirmeph2.cgi
20260523T054304Z,2026-05-23T05:43:04.624753Z,20260523T054304Z_batch01,CZYNHKZ,2026-05-24T00:00:00Z,16 19 34.6,244.89416666666668,+02 08 14,2.1372222222222224,156.8,21.4,1.37,246.0,Map/Offsets   Map/Offsets,https://cgi.minorplanetcenter.net/cgi-bin/confirmeph2.cgi
20260523T054304Z,2026-05-23T05:43:04.624753Z,20260523T054304Z_batch01,CZYNHKZ,2026-05-24T01:00:00Z,16 19 29.6,244.87333333333333,+02 07 41,2.1280555555555556,156.8,21.4,1.37,246.0,Map/Offsets   Map/Offsets,https://cgi.minorplanetcenter.net/cgi-bin/confirmeph2.cgi
20260523T054304Z,2026-05-23T05:43:04.624753Z,20260523T054304Z_batch01,CZYNHKZ,2026-05-24T02:00:00Z,16 19 24.6,244.8525,+02 07 07,2.118611111111111,156.8,21.4,1.37,245.9,Map/Offsets   Map/Offsets,https://cgi.minorplanetcenter.net/cgi-bin/confirmeph2.cgi
20260523T054304Z,2026-05-23T05:43:04.624753Z,20260523T054304Z_batch01,CZYNHKZ,2026-05-24T03:00:00Z,16 19 19.6,244.83166666666665,+02 06 34,2.1094444444444447,156.8,21.4,1.37,245.9,Map/Offsets   Map/Offsets,https://cgi.minorplanetcenter.net/cgi-bin/confirmeph2.cgi
20260523T054304Z,2026-05-23T05:43:04.624753Z,20260523T054304Z_batch01,CZYNHKZ,2026-05-24T04:00:00Z,16 19 14.6,244.81083333333333,+02 06 00,2.1,156.8,21.4,1.37,245.8,Map/Offsets   Map/Offsets,https://cgi.minorplanetcenter.net/cgi-bin/confirmeph2.cgi
20260523T054304Z,2026-05-23T05:43:04.624753Z,20260523T054304Z_batch01,C46CD31,2026-05-23T04:00:00Z,00 07 25.9,1.8579166666666667,-04 41 12,-4.6866666666666665,62.0,23.4,47.04,86.4,Map/Offsets   !,https://cgi.minorplanetcenter.net/cgi-bin/confirmeph2.cgi
20260523T054304Z,2026-05-23T05:43:04.624753Z,20260523T054304Z_batch01,C46CD31,2026-05-23T05:00:00Z,00 10 28.6,2.6191666666666666,-04 38 19,-4.638611111111111,61.3,23.5,44.23,86.3,Map/Offsets   !,https://cgi.minorplanetcenter.net/cgi-bin/confirmeph2.cgi
20260523T054304Z,2026-05-23T05:43:04.624753Z,20260523T054304Z_batch01,C46CD31,2026-05-23T06:00:00Z,00 13 20.5,3.3354166666666667,-04 35 34,-4.592777777777777,60.7,23.6,41.65,86.3,Map/Offsets   !,https://cgi.minorplanetcenter.net/cgi-bin/confirmeph2.cgi
20260523T054304Z,2026-05-23T05:43:04.624753Z,20260523T054304Z_batch01,C46CD31,2026-05-23T07:00:00Z,00 16 02.5,4.010416666666667,-04 32 56,-4.5488888888888885,60.1,23.7,39.27,86.2,Map/Offsets   !,https://cgi.minorplanetcenter.net/cgi-bin/confirmeph2.cgi
20260523T054304Z,2026-05-23T05:43:04.624753Z,20260523T054304Z_batch01,C46CD31,2026-05-23T08:00:00Z,00 18 35.3,4.647083333333334,-04 30 24,-4.506666666666667,59.6,23.8,37.09,86.2,Map/Offsets   !,https://cgi.minorplanetcenter.net/cgi-bin/confirmeph2.cgi
20260523T054304Z,2026-05-23T05:43:04.624753Z,20260523T054304Z_batch01,C46CD31,2026-05-23T09:00:00Z,00 20 59.6,5.248333333333333,-04 27 59,-4.466388888888889,59.1,23.9,35.07,86.1,Map/Offsets   !,https://cgi.minorplanetcenter.net/cgi-bin/confirmeph2.cgi
20260523T054304Z,2026-05-23T05:43:04.624753Z,20260523T054304Z_batch01,C46CD31,2026-05-23T10:00:00Z,00 23 16.2,5.817500000000001,-04 25 41,-4.428055555555556,58.6,24.0,33.21,86.1,Map/Offsets   !,https://cgi.minorplanetcenter.net/cgi-bin/confirmeph2.cgi
20260523T054304Z,2026-05-23T05:43:04.624753Z,20260523T054304Z_batch01,C46CD31,2026-05-23T11:00:00Z,00 25 25.7,6.357083333333334,-04 23 27,-4.390833333333334,58.1,24.1,31.49,86.0,Map/Offsets   !,https://cgi.minorplanetcenter.net/cgi-bin/confirmeph2.cgi
20260523T054304Z,2026-05-23T05:43:04.624753Z,20260523T054304Z_batch01,C46CD31,2026-05-23T12:00:00Z,00 27 28.5,6.86875,-04 21 20,-4.355555555555555,57.7,24.2,29.89,86.0,Map/Offsets   !,https://cgi.minorplanetcenter.net/cgi-bin/confirmeph2.cgi
20260523T054304Z,2026-05-23T05:43:04.624753Z,20260523T054304Z_batch01,C46CD31,2026-05-23T13:00:00Z,00 29 25.1,7.354583333333333,-04 19 17,-4.3213888888888885,57.3,24.3,28.41,86.0,Map/Offsets   !,https://cgi.minorplanetcenter.net/cgi-bin/confirmeph2.cgi
20260523T054304Z,2026-05-23T05:43:04.624753Z,20260523T054304Z_batch01,C46CD31,2026-05-23T14:00:00Z,00 31 15.9,7.81625,-04 17 20,-4.288888888888889,56.9,24.4,27.03,85.9,Map/Offsets   !,https://cgi.minorplanetcenter.net/cgi-bin/confirmeph2.cgi
20260523T054304Z,2026-05-23T05:43:04.624753Z,20260523T054304Z_batch01,C46CD31,2026-05-23T15:00:00Z,00 33 01.5,8.25625,-04 15 27,-4.2575,56.5,24.4,25.75,85.9,Map/Offsets   !,https://cgi.minorplanetcenter.net/cgi-bin/confirmeph2.cgi
20260523T054304Z,2026-05-23T05:43:04.624753Z,20260523T054304Z_batch01,C46CD31,2026-05-23T16:00:00Z,00 34 42.1,8.675416666666667,-04 13 39,-4.2275,56.2,24.5,24.55,85.9,Map/Offsets   !,https://cgi.minorplanetcenter.net/cgi-bin/confirmeph2.cgi
20260523T054304Z,2026-05-23T05:43:04.624753Z,20260523T054304Z_batch01,C46CD31,2026-05-23T17:00:00Z,00 36 18.0,9.075,-04 11 55,-4.198611111111111,55.9,24.6,23.43,85.8,Map/Offsets   !,https://cgi.minorplanetcenter.net/cgi-bin/confirmeph2.cgi
20260523T054304Z,2026-05-23T05:43:04.624753Z,20260523T054304Z_batch01,C46CD31,2026-05-23T18:00:00Z,00 37 49.6,9.456666666666667,-04 10 14,-4.170555555555556,55.6,24.7,22.39,85.8,Map/Offsets   !,https://cgi.minorplanetcenter.net/cgi-bin/confirmeph2.cgi
20260523T054304Z,2026-05-23T05:43:04.624753Z,20260523T054304Z_batch01,C46CD31,2026-05-23T19:00:00Z,00 39 17.2,9.821666666666667,-04 08 38,-4.143888888888889,55.3,24.7,21.41,85.8,Map/Offsets   !,https://cgi.minorplanetcenter.net/cgi-bin/confirmeph2.cgi
20260523T054304Z,2026-05-23T05:43:04.624753Z,20260523T054304Z_batch01,C46CD31,2026-05-23T20:00:00Z,00 40 40.9,10.170416666666666,-04 07 05,-4.118055555555555,55.0,24.8,20.49,85.7,Map/Offsets   !,https://cgi.minorplanetcenter.net/cgi-bin/confirmeph2.cgi
20260523T054304Z,2026-05-23T05:43:04.624753Z,20260523T054304Z_batch01,C46CD31,2026-05-23T21:00:00Z,00 42 01.2,10.504999999999999,-04 05 35,-4.093055555555555,54.7,24.9,19.63,85.7,Map/Offsets   !,https://cgi.minorplanetcenter.net/cgi-bin/confirmeph2.cgi
20260523T054304Z,2026-05-23T05:43:04.624753Z,20260523T054304Z_batch01,C46CD31,2026-05-23T22:00:00Z,00 43 18.0,10.825,-04 04 09,-4.069166666666667,54.5,24.9,18.82,85.7,Map/Offsets   !,https://cgi.minorplanetcenter.net/cgi-bin/confirmeph2.cgi
20260523T054304Z,2026-05-23T05:43:04.624753Z,20260523T054304Z_batch01,C46CD31,2026-05-23T23:00:00Z,00 44 31.8,11.1325,-04 02 45,-4.045833333333333,54.2,25.0,18.06,85.7,Map/Offsets   !,https://cgi.minorplanetcenter.net/cgi-bin/confirmeph2.cgi
20260523T054304Z,2026-05-23T05:43:04.624753Z,20260523T054304Z_batch01,C46CD31,2026-05-24T00:00:00Z,00 45 42.6,11.4275,-04 01 25,-4.023611111111111,54.0,25.1,17.35,85.6,Map/Offsets   !,https://cgi.minorplanetcenter.net/cgi-bin/confirmeph2.cgi
20260523T054304Z,2026-05-23T05:43:04.624753Z,20260523T054304Z_batch01,C46CD31,2026-05-24T01:00:00Z,00 46 50.6,11.710833333333335,-04 00 07,-4.001944444444445,53.8,25.1,16.67,85.6,Map/Offsets   !,https://cgi.minorplanetcenter.net/cgi-bin/confirmeph2.cgi
20260523T054304Z,2026-05-23T05:43:04.624753Z,20260523T054304Z_batch01,C46CD31,2026-05-24T02:00:00Z,00 47 55.9,11.982916666666666,-03 58 52,-3.9811111111111113,53.6,25.2,16.04,85.6,Map/Offsets   !,https://cgi.minorplanetcenter.net/cgi-bin/confirmeph2.cgi
20260523T054304Z,2026-05-23T05:43:04.624753Z,20260523T054304Z_batch01,C46CD31,2026-05-24T03:00:00Z,00 48 58.8,12.245000000000001,-03 57 39,-3.9608333333333334,53.4,25.2,15.44,85.6,Map/Offsets   !,https://cgi.minorplanetcenter.net/cgi-bin/confirmeph2.cgi
20260523T054304Z,2026-05-23T05:43:04.624753Z,20260523T054304Z_batch01,C46CD31,2026-05-24T04:00:00Z,00 49 59.4,12.497499999999999,-03 56 29,-3.941388888888889,53.2,25.3,14.87,85.6,Map/Offsets   !,https://cgi.minorplanetcenter.net/cgi-bin/confirmeph2.cgi
20260523T054304Z,2026-05-23T05:43:04.624753Z,20260523T054304Z_batch01,ST26ED1,2026-05-23T04:00:00Z,01 18 36.6,19.6525,-16 00 38,-16.010555555555555,53.6,25.2,17.15,77.4,Map/Offsets   !!,https://cgi.minorplanetcenter.net/cgi-bin/confirmeph2.cgi
20260523T054304Z,2026-05-23T05:43:04.624753Z,20260523T054304Z_batch01,ST26ED1,2026-05-23T05:00:00Z,01 19 44.1,19.93375,-15 57 01,-15.950277777777776,53.4,25.3,16.09,77.4,Map/Offsets   !!,https://cgi.minorplanetcenter.net/cgi-bin/confirmeph2.cgi
20260523T054304Z,2026-05-23T05:43:04.624753Z,20260523T054304Z_batch01,ST26ED1,2026-05-23T06:00:00Z,01 20 47.4,20.1975,-15 53 35,-15.893055555555556,53.2,25.4,15.12,77.3,Map/Offsets   !!,https://cgi.minorplanetcenter.net/cgi-bin/confirmeph2.cgi
20260523T054304Z,2026-05-23T05:43:04.624753Z,20260523T054304Z_batch01,ST26ED1,2026-05-23T07:00:00Z,01 21 46.9,20.44541666666667,-15 50 21,-15.839166666666667,53.0,25.4,14.24,77.2,Map/Offsets   !!,https://cgi.minorplanetcenter.net/cgi-bin/confirmeph2.cgi
20260523T054304Z,2026-05-23T05:43:04.624753Z,20260523T054304Z_batch01,ST26ED1,2026-05-23T08:00:00Z,01 22 43.0,20.679166666666667,-15 47 17,-15.788055555555555,52.8,25.5,13.43,77.1,Map/Offsets   !!,https://cgi.minorplanetcenter.net/cgi-bin/confirmeph2.cgi
20260523T054304Z,2026-05-23T05:43:04.624753Z,20260523T054304Z_batch01,ST26ED1,2026-05-23T09:00:00Z,01 23 35.9,20.899583333333332,-15 44 22,-15.739444444444443,52.7,25.6,12.69,77.1,Map/Offsets   !!,https://cgi.minorplanetcenter.net/cgi-bin/confirmeph2.cgi
20260523T054304Z,2026-05-23T05:43:04.624753Z,20260523T054304Z_batch01,ST26ED1,2026-05-23T10:00:00Z,01 24 25.9,21.107916666666668,-15 41 36,-15.693333333333333,52.5,25.7,12.01,77.0,Map/Offsets   !,https://cgi.minorplanetcenter.net/cgi-bin/confirmeph2.cgi
20260523T054304Z,2026-05-23T05:43:04.624753Z,20260523T054304Z_batch01,ST26ED1,2026-05-23T11:00:00Z,01 25 13.2,21.305000000000003,-15 38 58,-15.649444444444445,52.4,25.7,11.38,77.0,Map/Offsets   !,https://cgi.minorplanetcenter.net/cgi-bin/confirmeph2.cgi
20260523T054304Z,2026-05-23T05:43:04.624753Z,20260523T054304Z_batch01,ST26ED1,2026-05-23T12:00:00Z,01 25 58.1,21.492083333333333,-15 36 27,-15.6075,52.3,25.8,10.8,76.9,Map/Offsets   !,https://cgi.minorplanetcenter.net/cgi-bin/confirmeph2.cgi
20260523T054304Z,2026-05-23T05:43:04.624753Z,20260523T054304Z_batch01,ST26ED1,2026-05-23T13:00:00Z,01 26 40.7,21.669583333333332,-15 34 04,-15.567777777777778,52.2,25.9,10.27,76.8,Map/Offsets   !,https://cgi.minorplanetcenter.net/cgi-bin/confirmeph2.cgi
20260523T054304Z,2026-05-23T05:43:04.624753Z,20260523T054304Z_batch01,ST26ED1,2026-05-23T14:00:00Z,01 27 21.2,21.83833333333333,-15 31 47,-15.529722222222222,52.0,25.9,9.77,76.8,Map/Offsets   !,https://cgi.minorplanetcenter.net/cgi-bin/confirmeph2.cgi
20260523T054304Z,2026-05-23T05:43:04.624753Z,20260523T054304Z_batch01,ST26ED1,2026-05-23T15:00:00Z,01 27 59.7,21.99875,-15 29 35,-15.493055555555555,51.9,26.0,9.31,76.7,Map/Offsets   !,https://cgi.minorplanetcenter.net/cgi-bin/confirmeph2.cgi
20260523T054304Z,2026-05-23T05:43:04.624753Z,20260523T054304Z_batch01,ST26ED1,2026-05-23T16:00:00Z,01 28 36.4,22.15166666666667,-15 27 30,-15.458333333333332,51.8,26.0,8.88,76.7,Map/Offsets   !,https://cgi.minorplanetcenter.net/cgi-bin/confirmeph2.cgi
20260523T054304Z,2026-05-23T05:43:04.624753Z,20260523T054304Z_batch01,ST26ED1,2026-05-23T17:00:00Z,01 29 11.5,22.29791666666667,-15 25 30,-15.424999999999999,51.8,26.1,8.48,76.6,Map/Offsets   !,https://cgi.minorplanetcenter.net/cgi-bin/confirmeph2.cgi
20260523T054304Z,2026-05-23T05:43:04.624753Z,20260523T054304Z_batch01,ST26ED1,2026-05-23T18:00:00Z,01 29 44.9,22.437083333333334,-15 23 35,-15.393055555555556,51.7,26.2,8.1,76.6,Map/Offsets   !,https://cgi.minorplanetcenter.net/cgi-bin/confirmeph2.cgi
20260523T054304Z,2026-05-23T05:43:04.624753Z,20260523T054304Z_batch01,ST26ED1,2026-05-23T19:00:00Z,01 30 16.9,22.570416666666667,-15 21 45,-15.362499999999999,51.6,26.2,7.75,76.5,Map/Offsets   !,https://cgi.minorplanetcenter.net/cgi-bin/confirmeph2.cgi
20260523T054304Z,2026-05-23T05:43:04.624753Z,20260523T054304Z_batch01,ST26ED1,2026-05-23T20:00:00Z,01 30 47.5,22.697916666666668,-15 19 59,-15.333055555555555,51.5,26.3,7.42,76.5,Map/Offsets   !,https://cgi.minorplanetcenter.net/cgi-bin/confirmeph2.cgi
20260523T054304Z,2026-05-23T05:43:04.624753Z,20260523T054304Z_batch01,ST26ED1,2026-05-23T21:00:00Z,01 31 16.8,22.819999999999997,-15 18 17,-15.304722222222223,51.4,26.3,7.12,76.5,Map/Offsets   !,https://cgi.minorplanetcenter.net/cgi-bin/confirmeph2.cgi
20260523T054304Z,2026-05-23T05:43:04.624753Z,20260523T054304Z_batch01,ST26ED1,2026-05-23T22:00:00Z,01 31 44.9,22.937083333333334,-15 16 39,-15.277500000000002,51.4,26.4,6.83,76.4,Map/Offsets   !,https://cgi.minorplanetcenter.net/cgi-bin/confirmeph2.cgi
20260523T054304Z,2026-05-23T05:43:04.624753Z,20260523T054304Z_batch01,ST26ED1,2026-05-23T23:00:00Z,01 32 11.8,23.049166666666665,-15 15 04,-15.251111111111111,51.3,26.4,6.56,76.4,Map/Offsets   !,https://cgi.minorplanetcenter.net/cgi-bin/confirmeph2.cgi
20260523T054304Z,2026-05-23T05:43:04.624753Z,20260523T054304Z_batch01,ST26ED1,2026-05-24T00:00:00Z,01 32 37.7,23.157083333333333,-15 13 33,-15.225833333333334,51.3,26.5,6.3,76.3,Map/Offsets   !,https://cgi.minorplanetcenter.net/cgi-bin/confirmeph2.cgi
20260523T054304Z,2026-05-23T05:43:04.624753Z,20260523T054304Z_batch01,ST26ED1,2026-05-24T01:00:00Z,01 33 02.6,23.260833333333334,-15 12 06,-15.201666666666666,51.2,26.5,6.06,76.3,Map/Offsets   !,https://cgi.minorplanetcenter.net/cgi-bin/confirmeph2.cgi
20260523T054304Z,2026-05-23T05:43:04.624753Z,20260523T054304Z_batch01,ST26ED1,2026-05-24T02:00:00Z,01 33 26.5,23.36041666666667,-15 10 41,-15.178055555555554,51.1,26.6,5.83,76.3,Map/Offsets   !,https://cgi.minorplanetcenter.net/cgi-bin/confirmeph2.cgi
20260523T054304Z,2026-05-23T05:43:04.624753Z,20260523T054304Z_batch01,ST26ED1,2026-05-24T03:00:00Z,01 33 49.6,23.456666666666667,-15 09 19,-15.155277777777778,51.1,26.6,5.62,76.2,Map/Offsets   !,https://cgi.minorplanetcenter.net/cgi-bin/confirmeph2.cgi
20260523T054304Z,2026-05-23T05:43:04.624753Z,20260523T054304Z_batch01,ST26ED1,2026-05-24T04:00:00Z,01 34 11.8,23.549166666666665,-15 08 00,-15.133333333333333,51.1,26.6,5.42,76.2,Map/Offsets   !,https://cgi.minorplanetcenter.net/cgi-bin/confirmeph2.cgi
20260523T054304Z,2026-05-23T05:43:04.624753Z,20260523T054304Z_batch01,TF26EE0,2026-05-23T04:00:00Z,16 23 28.5,245.86874999999998,+08 48 34,8.809444444444445,150.0,23.4,0.84,273.5,Map/Offsets   !,https://cgi.minorplanetcenter.net/cgi-bin/confirmeph2.cgi
20260523T054304Z,2026-05-23T05:43:04.624753Z,20260523T054304Z_batch01,TF26EE0,2026-05-23T05:00:00Z,16 23 25.1,245.85458333333335,+08 48 37,8.81027777777778,150.1,23.4,0.81,273.3,Map/Offsets   !,https://cgi.minorplanetcenter.net/cgi-bin/confirmeph2.cgi
20260523T054304Z,2026-05-23T05:43:04.624753Z,20260523T054304Z_batch01,TF26EE0,2026-05-23T06:00:00Z,16 23 21.9,245.84124999999997,+08 48 40,8.811111111111112,150.1,23.5,0.79,273.2,Map/Offsets   !,https://cgi.minorplanetcenter.net/cgi-bin/confirmeph2.cgi
20260523T054304Z,2026-05-23T05:43:04.624753Z,20260523T054304Z_batch01,TF26EE0,2026-05-23T07:00:00Z,16 23 18.7,245.82791666666668,+08 48 42,8.811666666666667,150.1,23.5,0.77,273.0,Map/Offsets   !,https://cgi.minorplanetcenter.net/cgi-bin/confirmeph2.cgi
20260523T054304Z,2026-05-23T05:43:04.624753Z,20260523T054304Z_batch01,TF26EE0,2026-05-23T08:00:00Z,16 23 15.7,245.8154166666667,+08 48 45,8.8125,150.1,23.5,0.75,272.9,Map/Offsets   !,https://cgi.minorplanetcenter.net/cgi-bin/confirmeph2.cgi
20260523T054304Z,2026-05-23T05:43:04.624753Z,20260523T054304Z_batch01,TF26EE0,2026-05-23T09:00:00Z,16 23 12.7,245.80291666666665,+08 48 47,8.813055555555556,150.1,23.5,0.73,272.7,Map/Offsets   !,https://cgi.minorplanetcenter.net/cgi-bin/confirmeph2.cgi
20260523T054304Z,2026-05-23T05:43:04.624753Z,20260523T054304Z_batch01,TF26EE0,2026-05-23T10:00:00Z,16 23 09.7,245.79041666666666,+08 48 49,8.813611111111111,150.1,23.6,0.71,272.6,Map/Offsets   !,https://cgi.minorplanetcenter.net/cgi-bin/confirmeph2.cgi
20260523T054304Z,2026-05-23T05:43:04.624753Z,20260523T054304Z_batch01,TF26EE0,2026-05-23T11:00:00Z,16 23 06.9,245.77875,+08 48 51,8.814166666666667,150.1,23.6,0.7,272.4,Map/Offsets,https://cgi.minorplanetcenter.net/cgi-bin/confirmeph2.cgi
20260523T054304Z,2026-05-23T05:43:04.624753Z,20260523T054304Z_batch01,TF26EE0,2026-05-23T12:00:00Z,16 23 04.1,245.76708333333332,+08 48 52,8.814444444444446,150.1,23.6,0.68,272.2,Map/Offsets,https://cgi.minorplanetcenter.net/cgi-bin/confirmeph2.cgi
20260523T054304Z,2026-05-23T05:43:04.624753Z,20260523T054304Z_batch01,TF26EE0,2026-05-23T13:00:00Z,16 23 01.4,245.75583333333333,+08 48 54,8.815000000000001,150.1,23.6,0.66,272.0,Map/Offsets,https://cgi.minorplanetcenter.net/cgi-bin/confirmeph2.cgi
20260523T054304Z,2026-05-23T05:43:04.624753Z,20260523T054304Z_batch01,TF26EE0,2026-05-23T14:00:00Z,16 22 58.7,245.7445833333333,+08 48 55,8.815277777777778,150.1,23.7,0.65,271.9,Map/Offsets,https://cgi.minorplanetcenter.net/cgi-bin/confirmeph2.cgi
20260523T054304Z,2026-05-23T05:43:04.624753Z,20260523T054304Z_batch01,TF26EE0,2026-05-23T15:00:00Z,16 22 56.1,245.73375,+08 48 56,8.815555555555557,150.1,23.7,0.63,271.7,Map/Offsets,https://cgi.minorplanetcenter.net/cgi-bin/confirmeph2.cgi
20260523T054304Z,2026-05-23T05:43:04.624753Z,20260523T054304Z_batch01,TF26EE0,2026-05-23T16:00:00Z,16 22 53.6,245.72333333333336,+08 48 57,8.815833333333334,150.1,23.7,0.62,271.5,Map/Offsets,https://cgi.minorplanetcenter.net/cgi-bin/confirmeph2.cgi
20260523T054304Z,2026-05-23T05:43:04.624753Z,20260523T054304Z_batch01,TF26EE0,2026-05-23T17:00:00Z,16 22 51.1,245.7129166666667,+08 48 58,8.816111111111113,150.1,23.8,0.6,271.3,Map/Offsets,https://cgi.minorplanetcenter.net/cgi-bin/confirmeph2.cgi
20260523T054304Z,2026-05-23T05:43:04.624753Z,20260523T054304Z_batch01,TF26EE0,2026-05-23T18:00:00Z,16 22 48.7,245.70291666666668,+08 48 59,8.81638888888889,150.1,23.8,0.59,271.1,Map/Offsets,https://cgi.minorplanetcenter.net/cgi-bin/confirmeph2.cgi
20260523T054304Z,2026-05-23T05:43:04.624753Z,20260523T054304Z_batch01,TF26EE0,2026-05-23T19:00:00Z,16 22 46.3,245.69291666666666,+08 49 00,8.816666666666666,150.1,23.8,0.58,270.9,Map/Offsets,https://cgi.minorplanetcenter.net/cgi-bin/confirmeph2.cgi
20260523T054304Z,2026-05-23T05:43:04.624753Z,20260523T054304Z_batch01,TF26EE0,2026-05-23T20:00:00Z,16 22 44.0,245.6833333333333,+08 49 00,8.816666666666666,150.1,23.8,0.56,270.7,Map/Offsets,https://cgi.minorplanetcenter.net/cgi-bin/confirmeph2.cgi
20260523T054304Z,2026-05-23T05:43:04.624753Z,20260523T054304Z_batch01,TF26EE0,2026-05-23T21:00:00Z,16 22 41.8,245.67416666666668,+08 49 00,8.816666666666666,150.1,23.9,0.55,270.5,Map/Offsets,https://cgi.minorplanetcenter.net/cgi-bin/confirmeph2.cgi
20260523T054304Z,2026-05-23T05:43:04.624753Z,20260523T054304Z_batch01,TF26EE0,2026-05-23T22:00:00Z,16 22 39.6,245.665,+08 49 01,8.816944444444443,150.1,23.9,0.54,270.3,Map/Offsets,https://cgi.minorplanetcenter.net/cgi-bin/confirmeph2.cgi
20260523T054304Z,2026-05-23T05:43:04.624753Z,20260523T054304Z_batch01,TF26EE0,2026-05-23T23:00:00Z,16 22 37.4,245.65583333333336,+08 49 01,8.816944444444443,150.1,23.9,0.53,270.1,Map/Offsets,https://cgi.minorplanetcenter.net/cgi-bin/confirmeph2.cgi
20260523T054304Z,2026-05-23T05:43:04.624753Z,20260523T054304Z_batch01,TF26EE0,2026-05-24T00:00:00Z,16 22 35.3,245.64708333333334,+08 49 01,8.816944444444443,150.1,23.9,0.52,269.8,Map/Offsets,https://cgi.minorplanetcenter.net/cgi-bin/confirmeph2.cgi
20260523T054304Z,2026-05-23T05:43:04.624753Z,20260523T054304Z_batch01,TF26EE0,2026-05-24T01:00:00Z,16 22 33.2,245.63833333333332,+08 49 00,8.816666666666666,150.1,24.0,0.51,269.6,Map/Offsets,https://cgi.minorplanetcenter.net/cgi-bin/confirmeph2.cgi
20260523T054304Z,2026-05-23T05:43:04.624753Z,20260523T054304Z_batch01,TF26EE0,2026-05-24T02:00:00Z,16 22 31.2,245.63,+08 49 00,8.816666666666666,150.1,24.0,0.5,269.4,Map/Offsets,https://cgi.minorplanetcenter.net/cgi-bin/confirmeph2.cgi
20260523T054304Z,2026-05-23T05:43:04.624753Z,20260523T054304Z_batch01,TF26EE0,2026-05-24T03:00:00Z,16 22 29.2,245.6216666666667,+08 49 00,8.816666666666666,150.1,24.0,0.49,269.1,Map/Offsets,https://cgi.minorplanetcenter.net/cgi-bin/confirmeph2.cgi
20260523T054304Z,2026-05-23T05:43:04.624753Z,20260523T054304Z_batch01,TF26EE0,2026-05-24T04:00:00Z,16 22 27.2,245.61333333333334,+08 48 59,8.81638888888889,150.1,24.0,0.48,268.9,Map/Offsets,https://cgi.minorplanetcenter.net/cgi-bin/confirmeph2.cgi
20260523T054304Z,2026-05-23T05:43:04.624753Z,20260523T054304Z_batch01,ST26EC8,2026-05-23T04:00:00Z,20 00 26.5,300.1104166666667,-27 34 22,-27.572777777777777,124.8,21.1,39.01,104.8,Map/Offsets   !,https://cgi.minorplanetcenter.net/cgi-bin/confirmeph2.cgi
20260523T054304Z,2026-05-23T05:43:04.624753Z,20260523T054304Z_batch01,ST26EC8,2026-05-23T05:00:00Z,20 03 15.0,300.8125,-27 44 05,-27.734722222222224,124.2,21.2,38.08,104.4,Map/Offsets   !,https://cgi.minorplanetcenter.net/cgi-bin/confirmeph2.cgi
20260523T054304Z,2026-05-23T05:43:04.624753Z,20260523T054304Z_batch01,ST26EC8,2026-05-23T06:00:00Z,20 05 59.9,301.4995833333333,-27 53 22,-27.889444444444443,123.7,21.2,37.18,104.1,Map/Offsets   !,https://cgi.minorplanetcenter.net/cgi-bin/confirmeph2.cgi
20260523T054304Z,2026-05-23T05:43:04.624753Z,20260523T054304Z_batch01,ST26EC8,2026-05-23T07:00:00Z,20 08 41.4,302.1725,-28 02 14,-28.037222222222223,123.2,21.2,36.3,103.8,Map/Offsets   !,https://cgi.minorplanetcenter.net/cgi-bin/confirmeph2.cgi
20260523T054304Z,2026-05-23T05:43:04.624753Z,20260523T054304Z_batch01,ST26EC8,2026-05-23T08:00:00Z,20 11 19.5,302.83124999999995,-28 10 41,-28.178055555555556,122.6,21.3,35.44,103.5,Map/Offsets   !,https://cgi.minorplanetcenter.net/cgi-bin/confirmeph2.cgi
20260523T054304Z,2026-05-23T05:43:04.624753Z,20260523T054304Z_batch01,ST26EC8,2026-05-23T09:00:00Z,20 13 54.2,303.4758333333333,-28 18 46,-28.31277777777778,122.1,21.3,34.61,103.2,Map/Offsets   !,https://cgi.minorplanetcenter.net/cgi-bin/confirmeph2.cgi
20260523T054304Z,2026-05-23T05:43:04.624753Z,20260523T054304Z_batch01,ST26EC8,2026-05-23T10:00:00Z,20 16 25.7,304.1070833333333,-28 26 29,-28.441388888888888,121.6,21.4,33.8,102.9,Map/Offsets   !,https://cgi.minorplanetcenter.net/cgi-bin/confirmeph2.cgi
20260523T054304Z,2026-05-23T05:43:04.624753Z,20260523T054304Z_batch01,ST26EC8,2026-05-23T11:00:00Z,20 18 54.0,304.725,-28 33 51,-28.56416666666667,121.2,21.4,33.01,102.6,Map/Offsets   !,https://cgi.minorplanetcenter.net/cgi-bin/confirmeph2.cgi
20260523T054304Z,2026-05-23T05:43:04.624753Z,20260523T054304Z_batch01,ST26EC8,2026-05-23T12:00:00Z,20 21 19.1,305.32958333333335,-28 40 53,-28.68138888888889,120.7,21.4,32.24,102.3,Map/Offsets   !,https://cgi.minorplanetcenter.net/cgi-bin/confirmeph2.cgi
20260523T054304Z,2026-05-23T05:43:04.624753Z,20260523T054304Z_batch01,ST26EC8,2026-05-23T13:00:00Z,20 23 41.2,305.9216666666666,-28 47 36,-28.793333333333337,120.2,21.5,31.49,102.0,Map/Offsets   !,https://cgi.minorplanetcenter.net/cgi-bin/confirmeph2.cgi
20260523T054304Z,2026-05-23T05:43:04.624753Z,20260523T054304Z_batch01,ST26EC8,2026-05-23T14:00:00Z,20 26 00.3,306.50124999999997,-28 54 01,-28.900277777777777,119.8,21.5,30.76,101.7,Map/Offsets   !,https://cgi.minorplanetcenter.net/cgi-bin/confirmeph2.cgi
20260523T054304Z,2026-05-23T05:43:04.624753Z,20260523T054304Z_batch01,ST26EC8,2026-05-23T15:00:00Z,20 28 16.5,307.06874999999997,-29 00 08,-29.002222222222223,119.3,21.5,30.06,101.5,Map/Offsets   !,https://cgi.minorplanetcenter.net/cgi-bin/confirmeph2.cgi
20260523T054304Z,2026-05-23T05:43:04.624753Z,20260523T054304Z_batch01,ST26EC8,2026-05-23T16:00:00Z,20 30 29.8,307.62416666666667,-29 05 58,-29.099444444444444,118.9,21.6,29.37,101.2,Map/Offsets   !,https://cgi.minorplanetcenter.net/cgi-bin/confirmeph2.cgi
20260523T054304Z,2026-05-23T05:43:04.624753Z,20260523T054304Z_batch01,ST26EC8,2026-05-23T17:00:00Z,20 32 40.2,308.1675,-29 11 33,-29.1925,118.5,21.6,28.7,100.9,Map/Offsets   !,https://cgi.minorplanetcenter.net/cgi-bin/confirmeph2.cgi
20260523T054304Z,2026-05-23T05:43:04.624753Z,20260523T054304Z_batch01,ST26EC8,2026-05-23T18:00:00Z,20 34 48.0,308.7,-29 16 52,-29.28111111111111,118.1,21.7,28.05,100.7,Map/Offsets   !,https://cgi.minorplanetcenter.net/cgi-bin/confirmeph2.cgi
20260523T054304Z,2026-05-23T05:43:04.624753Z,20260523T054304Z_batch01,ST26EC8,2026-05-23T19:00:00Z,20 36 53.1,309.22125,-29 21 57,-29.365833333333335,117.7,21.7,27.42,100.4,Map/Offsets   !,https://cgi.minorplanetcenter.net/cgi-bin/confirmeph2.cgi
20260523T054304Z,2026-05-23T05:43:04.624753Z,20260523T054304Z_batch01,ST26EC8,2026-05-23T20:00:00Z,20 38 55.5,309.73125,-29 26 48,-29.446666666666665,117.3,21.7,26.8,100.2,Map/Offsets   !,https://cgi.minorplanetcenter.net/cgi-bin/confirmeph2.cgi
20260523T054304Z,2026-05-23T05:43:04.624753Z,20260523T054304Z_batch01,ST26EC8,2026-05-23T21:00:00Z,20 40 55.5,310.23125000000005,-29 31 25,-29.52361111111111,116.9,21.8,26.21,99.9,Map/Offsets   !,https://cgi.minorplanetcenter.net/cgi-bin/confirmeph2.cgi
20260523T054304Z,2026-05-23T05:43:04.624753Z,20260523T054304Z_batch01,ST26EC8,2026-05-23T22:00:00Z,20 42 52.9,310.72041666666667,-29 35 50,-29.59722222222222,116.6,21.8,25.63,99.7,Map/Offsets   !,https://cgi.minorplanetcenter.net/cgi-bin/confirmeph2.cgi
20260523T054304Z,2026-05-23T05:43:04.624753Z,20260523T054304Z_batch01,ST26EC8,2026-05-23T23:00:00Z,20 44 47.9,311.19958333333335,-29 40 03,-29.6675,116.2,21.8,25.06,99.5,Map/Offsets   !,https://cgi.minorplanetcenter.net/cgi-bin/confirmeph2.cgi
20260523T054304Z,2026-05-23T05:43:04.624753Z,20260523T054304Z_batch01,ST26EC8,2026-05-24T00:00:00Z,20 46 40.5,311.66875,-29 44 04,-29.734444444444446,115.9,21.9,24.51,99.2,Map/Offsets   !,https://cgi.minorplanetcenter.net/cgi-bin/confirmeph2.cgi
20260523T054304Z,2026-05-23T05:43:04.624753Z,20260523T054304Z_batch01,ST26EC8,2026-05-24T01:00:00Z,20 48 30.8,312.12833333333333,-29 47 55,-29.798611111111114,115.5,21.9,23.98,99.0,Map/Offsets   !,https://cgi.minorplanetcenter.net/cgi-bin/confirmeph2.cgi
20260523T054304Z,2026-05-23T05:43:04.624753Z,20260523T054304Z_batch01,ST26EC8,2026-05-24T02:00:00Z,20 50 18.9,312.57875,-29 51 35,-29.859722222222224,115.2,21.9,23.46,98.8,Map/Offsets   !,https://cgi.minorplanetcenter.net/cgi-bin/confirmeph2.cgi
20260523T054304Z,2026-05-23T05:43:04.624753Z,20260523T054304Z_batch01,ST26EC8,2026-05-24T03:00:00Z,20 52 04.8,313.02000000000004,-29 55 04,-29.91777777777778,114.9,22.0,22.96,98.6,Map/Offsets   !,https://cgi.minorplanetcenter.net/cgi-bin/confirmeph2.cgi
20260523T054304Z,2026-05-23T05:43:04.624753Z,20260523T054304Z_batch01,ST26EC8,2026-05-24T04:00:00Z,20 53 48.5,313.45208333333335,-29 58 25,-29.973611111111108,114.5,22.0,22.47,98.3,Map/Offsets   !,https://cgi.minorplanetcenter.net/cgi-bin/confirmeph2.cgi
20260523T054304Z,2026-05-23T05:43:04.624753Z,20260523T054304Z_batch01,ST26EC7,2026-05-23T04:00:00Z,02 23 17.6,35.82333333333333,-08 23 12,-8.386666666666667,37.2,28.7,2.51,92.6,Map/Offsets   !,https://cgi.minorplanetcenter.net/cgi-bin/confirmeph2.cgi
20260523T054304Z,2026-05-23T05:43:04.624753Z,20260523T054304Z_batch01,ST26EC7,2026-05-23T05:00:00Z,02 23 27.6,35.865,-08 23 19,-8.38861111111111,37.2,28.7,2.42,92.6,Map/Offsets   !,https://cgi.minorplanetcenter.net/cgi-bin/confirmeph2.cgi
20260523T054304Z,2026-05-23T05:43:04.624753Z,20260523T054304Z_batch01,ST26EC7,2026-05-23T06:00:00Z,02 23 37.2,35.905,-08 23 25,-8.390277777777778,37.2,28.7,2.34,92.5,Map/Offsets   !,https://cgi.minorplanetcenter.net/cgi-bin/confirmeph2.cgi
20260523T054304Z,2026-05-23T05:43:04.624753Z,20260523T054304Z_batch01,ST26EC7,2026-05-23T07:00:00Z,02 23 46.5,35.943749999999994,-08 23 31,-8.391944444444444,37.2,28.8,2.27,92.5,Map/Offsets   !,https://cgi.minorplanetcenter.net/cgi-bin/confirmeph2.cgi
20260523T054304Z,2026-05-23T05:43:04.624753Z,20260523T054304Z_batch01,ST26EC7,2026-05-23T08:00:00Z,02 23 55.5,35.98125,-08 23 37,-8.393611111111111,37.2,28.8,2.19,92.4,Map/Offsets   !,https://cgi.minorplanetcenter.net/cgi-bin/confirmeph2.cgi
20260523T054304Z,2026-05-23T05:43:04.624753Z,20260523T054304Z_batch01,ST26EC7,2026-05-23T09:00:00Z,02 24 04.2,36.0175,-08 23 42,-8.395,37.2,28.8,2.12,92.3,Map/Offsets   !,https://cgi.minorplanetcenter.net/cgi-bin/confirmeph2.cgi
20260523T054304Z,2026-05-23T05:43:04.624753Z,20260523T054304Z_batch01,ST26EC7,2026-05-23T10:00:00Z,02 24 12.7,36.05291666666667,-08 23 47,-8.396388888888888,37.2,28.9,2.06,92.3,Map/Offsets   !,https://cgi.minorplanetcenter.net/cgi-bin/confirmeph2.cgi
20260523T054304Z,2026-05-23T05:43:04.624753Z,20260523T054304Z_batch01,ST26EC7,2026-05-23T11:00:00Z,02 24 20.9,36.08708333333333,-08 23 52,-8.397777777777778,37.2,28.9,1.99,92.2,Map/Offsets   !,https://cgi.minorplanetcenter.net/cgi-bin/confirmeph2.cgi
20260523T054304Z,2026-05-23T05:43:04.624753Z,20260523T054304Z_batch01,ST26EC7,2026-05-23T12:00:00Z,02 24 28.8,36.12,-08 23 57,-8.399166666666666,37.2,28.9,1.93,92.2,Map/Offsets   !,https://cgi.minorplanetcenter.net/cgi-bin/confirmeph2.cgi
20260523T054304Z,2026-05-23T05:43:04.624753Z,20260523T054304Z_batch01,ST26EC7,2026-05-23T13:00:00Z,02 24 36.5,36.15208333333333,-08 24 01,-8.400277777777777,37.2,29.0,1.88,92.1,Map/Offsets   !,https://cgi.minorplanetcenter.net/cgi-bin/confirmeph2.cgi
20260523T054304Z,2026-05-23T05:43:04.624753Z,20260523T054304Z_batch01,ST26EC7,2026-05-23T14:00:00Z,02 24 44.0,36.18333333333334,-08 24 05,-8.401388888888889,37.3,29.0,1.82,92.0,Map/Offsets   !,https://cgi.minorplanetcenter.net/cgi-bin/confirmeph2.cgi
20260523T054304Z,2026-05-23T05:43:04.624753Z,20260523T054304Z_batch01,ST26EC7,2026-05-23T15:00:00Z,02 24 51.2,36.21333333333333,-08 24 09,-8.4025,37.3,29.0,1.77,92.0,Map/Offsets   !,https://cgi.minorplanetcenter.net/cgi-bin/confirmeph2.cgi
20260523T054304Z,2026-05-23T05:43:04.624753Z,20260523T054304Z_batch01,ST26EC7,2026-05-23T16:00:00Z,02 24 58.3,36.242916666666666,-08 24 12,-8.403333333333334,37.3,29.1,1.72,91.9,Map/Offsets   !,https://cgi.minorplanetcenter.net/cgi-bin/confirmeph2.cgi
20260523T054304Z,2026-05-23T05:43:04.624753Z,20260523T054304Z_batch01,ST26EC7,2026-05-23T17:00:00Z,02 25 05.1,36.271249999999995,-08 24 16,-8.404444444444445,37.3,29.1,1.67,91.8,Map/Offsets   !,https://cgi.minorplanetcenter.net/cgi-bin/confirmeph2.cgi
20260523T054304Z,2026-05-23T05:43:04.624753Z,20260523T054304Z_batch01,ST26EC7,2026-05-23T18:00:00Z,02 25 11.8,36.299166666666665,-08 24 19,-8.405277777777778,37.3,29.1,1.63,91.8,Map/Offsets   !,https://cgi.minorplanetcenter.net/cgi-bin/confirmeph2.cgi
20260523T054304Z,2026-05-23T05:43:04.624753Z,20260523T054304Z_batch01,ST26EC7,2026-05-23T19:00:00Z,02 25 18.2,36.32583333333333,-08 24 22,-8.40611111111111,37.3,29.1,1.58,91.7,Map/Offsets   !,https://cgi.minorplanetcenter.net/cgi-bin/confirmeph2.cgi
20260523T054304Z,2026-05-23T05:43:04.624753Z,20260523T054304Z_batch01,ST26EC7,2026-05-23T20:00:00Z,02 25 24.6,36.3525,-08 24 24,-8.406666666666666,37.4,29.2,1.54,91.6,Map/Offsets   !,https://cgi.minorplanetcenter.net/cgi-bin/confirmeph2.cgi
20260523T054304Z,2026-05-23T05:43:04.624753Z,20260523T054304Z_batch01,ST26EC7,2026-05-23T21:00:00Z,02 25 30.7,36.377916666666664,-08 24 27,-8.4075,37.4,29.2,1.5,91.5,Map/Offsets   !,https://cgi.minorplanetcenter.net/cgi-bin/confirmeph2.cgi
20260523T054304Z,2026-05-23T05:43:04.624753Z,20260523T054304Z_batch01,ST26EC7,2026-05-23T22:00:00Z,02 25 36.7,36.40291666666667,-08 24 29,-8.408055555555556,37.4,29.2,1.46,91.4,Map/Offsets   !,https://cgi.minorplanetcenter.net/cgi-bin/confirmeph2.cgi
20260523T054304Z,2026-05-23T05:43:04.624753Z,20260523T054304Z_batch01,ST26EC7,2026-05-23T23:00:00Z,02 25 42.5,36.42708333333333,-08 24 31,-8.408611111111112,37.4,29.2,1.42,91.4,Map/Offsets   !,https://cgi.minorplanetcenter.net/cgi-bin/confirmeph2.cgi
20260523T054304Z,2026-05-23T05:43:04.624753Z,20260523T054304Z_batch01,ST26EC7,2026-05-24T00:00:00Z,02 25 48.2,36.45083333333333,-08 24 33,-8.409166666666668,37.4,29.3,1.39,91.3,Map/Offsets   !,https://cgi.minorplanetcenter.net/cgi-bin/confirmeph2.cgi
20260523T054304Z,2026-05-23T05:43:04.624753Z,20260523T054304Z_batch01,ST26EC7,2026-05-24T01:00:00Z,02 25 53.7,36.473749999999995,-08 24 35,-8.409722222222223,37.4,29.3,1.35,91.2,Map/Offsets   !,https://cgi.minorplanetcenter.net/cgi-bin/confirmeph2.cgi
20260523T054304Z,2026-05-23T05:43:04.624753Z,20260523T054304Z_batch01,ST26EC7,2026-05-24T02:00:00Z,02 25 59.1,36.496249999999996,-08 24 37,-8.410277777777779,37.5,29.3,1.32,91.1,Map/Offsets   !,https://cgi.minorplanetcenter.net/cgi-bin/confirmeph2.cgi
20260523T054304Z,2026-05-23T05:43:04.624753Z,20260523T054304Z_batch01,ST26EC7,2026-05-24T03:00:00Z,02 26 04.4,36.51833333333334,-08 24 38,-8.410555555555556,37.5,29.3,1.29,91.0,Map/Offsets   !,https://cgi.minorplanetcenter.net/cgi-bin/confirmeph2.cgi
20260523T054304Z,2026-05-23T05:43:04.624753Z,20260523T054304Z_batch01,ST26EC7,2026-05-24T04:00:00Z,02 26 09.5,36.53958333333334,-08 24 39,-8.410833333333334,37.5,29.3,1.26,90.9,Map/Offsets   !,https://cgi.minorplanetcenter.net/cgi-bin/confirmeph2.cgi
20260523T054304Z,2026-05-23T05:43:04.624753Z,20260523T054304Z_batch01,ST26EC5,2026-05-23T04:00:00Z,15 44 35.9,236.1495833333333,-15 29 21,-15.489166666666666,174.0,19.6,14.12,245.6,Map/Offsets,https://cgi.minorplanetcenter.net/cgi-bin/confirmeph2.cgi
20260523T054304Z,2026-05-23T05:43:04.624753Z,20260523T054304Z_batch01,ST26EC5,2026-05-23T05:00:00Z,15 43 43.0,235.92916666666665,-15 35 07,-15.585277777777778,174.0,19.7,13.88,245.6,Map/Offsets,https://cgi.minorplanetcenter.net/cgi-bin/confirmeph2.cgi
20260523T054304Z,2026-05-23T05:43:04.624753Z,20260523T054304Z_batch01,ST26EC5,2026-05-23T06:00:00Z,15 42 50.9,235.7120833333333,-15 40 48,-15.68,173.9,19.7,13.64,245.7,Map/Offsets,https://cgi.minorplanetcenter.net/cgi-bin/confirmeph2.cgi
20260523T054304Z,2026-05-23T05:43:04.624753Z,20260523T054304Z_batch01,ST26EC5,2026-05-23T07:00:00Z,15 41 59.7,235.49875,-15 46 21,-15.7725,173.8,19.7,13.41,245.8,Map/Offsets,https://cgi.minorplanetcenter.net/cgi-bin/confirmeph2.cgi
20260523T054304Z,2026-05-23T05:43:04.624753Z,20260523T054304Z_batch01,ST26EC5,2026-05-23T08:00:00Z,15 41 09.3,235.28875000000002,-15 51 48,-15.863333333333333,173.7,19.7,13.18,245.8,Map/Offsets,https://cgi.minorplanetcenter.net/cgi-bin/confirmeph2.cgi
20260523T054304Z,2026-05-23T05:43:04.624753Z,20260523T054304Z_batch01,ST26EC5,2026-05-23T09:00:00Z,15 40 19.7,235.08208333333332,-15 57 09,-15.952499999999999,173.6,19.7,12.96,245.9,Map/Offsets,https://cgi.minorplanetcenter.net/cgi-bin/confirmeph2.cgi
20260523T054304Z,2026-05-23T05:43:04.624753Z,20260523T054304Z_batch01,ST26EC5,2026-05-23T10:00:00Z,15 39 30.9,234.87875000000003,-16 02 24,-16.040000000000003,173.5,19.8,12.74,245.9,Map/Offsets,https://cgi.minorplanetcenter.net/cgi-bin/confirmeph2.cgi
20260523T054304Z,2026-05-23T05:43:04.624753Z,20260523T054304Z_batch01,ST26EC5,2026-05-23T11:00:00Z,15 38 42.9,234.67874999999998,-16 07 33,-16.125833333333333,173.4,19.8,12.53,246.0,Map/Offsets,https://cgi.minorplanetcenter.net/cgi-bin/confirmeph2.cgi
20260523T054304Z,2026-05-23T05:43:04.624753Z,20260523T054304Z_batch01,ST26EC5,2026-05-23T12:00:00Z,15 37 55.6,234.48166666666668,-16 12 36,-16.21,173.2,19.8,12.32,246.0,Map/Offsets,https://cgi.minorplanetcenter.net/cgi-bin/confirmeph2.cgi
20260523T054304Z,2026-05-23T05:43:04.624753Z,20260523T054304Z_batch01,ST26EC5,2026-05-23T13:00:00Z,15 37 09.1,234.28791666666666,-16 17 34,-16.29277777777778,173.1,19.8,12.12,246.1,Map/Offsets,https://cgi.minorplanetcenter.net/cgi-bin/confirmeph2.cgi
20260523T054304Z,2026-05-23T05:43:04.624753Z,20260523T054304Z_batch01,ST26EC5,2026-05-23T14:00:00Z,15 36 23.3,234.09708333333333,-16 22 26,-16.37388888888889,173.0,19.9,11.92,246.1,Map/Offsets,https://cgi.minorplanetcenter.net/cgi-bin/confirmeph2.cgi
20260523T054304Z,2026-05-23T05:43:04.624753Z,20260523T054304Z_batch01,ST26EC5,2026-05-23T15:00:00Z,15 35 38.2,233.90916666666666,-16 27 13,-16.453611111111112,172.9,19.9,11.73,246.2,Map/Offsets,https://cgi.minorplanetcenter.net/cgi-bin/confirmeph2.cgi
20260523T054304Z,2026-05-23T05:43:04.624753Z,20260523T054304Z_batch01,ST26EC5,2026-05-23T16:00:00Z,15 34 53.8,233.72416666666666,-16 31 55,-16.531944444444445,172.7,19.9,11.54,246.2,Map/Offsets,https://cgi.minorplanetcenter.net/cgi-bin/confirmeph2.cgi
20260523T054304Z,2026-05-23T05:43:04.624753Z,20260523T054304Z_batch01,ST26EC5,2026-05-23T17:00:00Z,15 34 10.1,233.54208333333332,-16 36 31,-16.608611111111113,172.6,19.9,11.35,246.3,Map/Offsets,https://cgi.minorplanetcenter.net/cgi-bin/confirmeph2.cgi
20260523T054304Z,2026-05-23T05:43:04.624753Z,20260523T054304Z_batch01,ST26EC5,2026-05-23T18:00:00Z,15 33 27.0,233.3625,-16 41 03,-16.684166666666666,172.4,20.0,11.17,246.3,Map/Offsets,https://cgi.minorplanetcenter.net/cgi-bin/confirmeph2.cgi
20260523T054304Z,2026-05-23T05:43:04.624753Z,20260523T054304Z_batch01,ST26EC5,2026-05-23T19:00:00Z,15 32 44.6,233.18583333333333,-16 45 30,-16.758333333333333,172.3,20.0,11.0,246.4,Map/Offsets,https://cgi.minorplanetcenter.net/cgi-bin/confirmeph2.cgi
20260523T054304Z,2026-05-23T05:43:04.624753Z,20260523T054304Z_batch01,ST26EC5,2026-05-23T20:00:00Z,15 32 02.9,233.01208333333332,-16 49 52,-16.83111111111111,172.2,20.0,10.82,246.4,Map/Offsets,https://cgi.minorplanetcenter.net/cgi-bin/confirmeph2.cgi
20260523T054304Z,2026-05-23T05:43:04.624753Z,20260523T054304Z_batch01,ST26EC5,2026-05-23T21:00:00Z,15 31 21.7,232.84041666666667,-16 54 09,-16.9025,172.0,20.0,10.65,246.5,Map/Offsets,https://cgi.minorplanetcenter.net/cgi-bin/confirmeph2.cgi
20260523T054304Z,2026-05-23T05:43:04.624753Z,20260523T054304Z_batch01,ST26EC5,2026-05-23T22:00:00Z,15 30 41.2,232.67166666666668,-16 58 22,-16.972777777777775,171.9,20.1,10.49,246.5,Map/Offsets,https://cgi.minorplanetcenter.net/cgi-bin/confirmeph2.cgi
20260523T054304Z,2026-05-23T05:43:04.624753Z,20260523T054304Z_batch01,ST26EC5,2026-05-23T23:00:00Z,15 30 01.3,232.50541666666666,-17 02 31,-17.041944444444447,171.7,20.1,10.33,246.6,Map/Offsets,https://cgi.minorplanetcenter.net/cgi-bin/confirmeph2.cgi
20260523T054304Z,2026-05-23T05:43:04.624753Z,20260523T054304Z_batch01,ST26EC5,2026-05-24T00:00:00Z,15 29 21.9,232.34124999999997,-17 06 35,-17.109722222222224,171.6,20.1,10.17,246.6,Map/Offsets,https://cgi.minorplanetcenter.net/cgi-bin/confirmeph2.cgi
20260523T054304Z,2026-05-23T05:43:04.624753Z,20260523T054304Z_batch01,ST26EC5,2026-05-24T01:00:00Z,15 28 43.1,232.17958333333334,-17 10 36,-17.17666666666667,171.4,20.1,10.01,246.6,Map/Offsets,https://cgi.minorplanetcenter.net/cgi-bin/confirmeph2.cgi
20260523T054304Z,2026-05-23T05:43:04.624753Z,20260523T054304Z_batch01,ST26EC5,2026-05-24T02:00:00Z,15 28 04.9,232.02041666666668,-17 14 32,-17.242222222222225,171.3,20.2,9.86,246.7,Map/Offsets,https://cgi.minorplanetcenter.net/cgi-bin/confirmeph2.cgi
20260523T054304Z,2026-05-23T05:43:04.624753Z,20260523T054304Z_batch01,ST26EC5,2026-05-24T03:00:00Z,15 27 27.3,231.86374999999998,-17 18 24,-17.30666666666667,171.1,20.2,9.71,246.7,Map/Offsets,https://cgi.minorplanetcenter.net/cgi-bin/confirmeph2.cgi
20260523T054304Z,2026-05-23T05:43:04.624753Z,20260523T054304Z_batch01,ST26EC5,2026-05-24T04:00:00Z,15 26 50.2,231.70916666666668,-17 22 12,-17.37,171.0,20.2,9.57,246.8,Map/Offsets,https://cgi.minorplanetcenter.net/cgi-bin/confirmeph2.cgi
20260523T054304Z,2026-05-23T05:43:04.624753Z,20260523T054304Z_batch01,P12nffX,2026-05-23T04:00:00Z,16 21 23.2,245.3466666666667,-20 55 39,-20.927500000000002,174.6,21.7,0.68,249.6,Map/Offsets,https://cgi.minorplanetcenter.net/cgi-bin/confirmeph2.cgi
20260523T054304Z,2026-05-23T05:43:04.624753Z,20260523T054304Z_batch01,P12nffX,2026-05-23T05:00:00Z,16 21 20.4,245.335,-20 55 54,-20.93166666666667,174.6,21.7,0.68,249.6,Map/Offsets,https://cgi.minorplanetcenter.net/cgi-bin/confirmeph2.cgi
20260523T054304Z,2026-05-23T05:43:04.624753Z,20260523T054304Z_batch01,P12nffX,2026-05-23T06:00:00Z,16 21 17.7,245.32375000000002,-20 56 08,-20.935555555555556,174.7,21.7,0.68,249.6,Map/Offsets,https://cgi.minorplanetcenter.net/cgi-bin/confirmeph2.cgi
20260523T054304Z,2026-05-23T05:43:04.624753Z,20260523T054304Z_batch01,P12nffX,2026-05-23T07:00:00Z,16 21 14.9,245.31208333333336,-20 56 22,-20.939444444444444,174.7,21.7,0.68,249.6,Map/Offsets,https://cgi.minorplanetcenter.net/cgi-bin/confirmeph2.cgi
20260523T054304Z,2026-05-23T05:43:04.624753Z,20260523T054304Z_batch01,P12nffX,2026-05-23T08:00:00Z,16 21 12.2,245.30083333333334,-20 56 36,-20.943333333333335,174.8,21.7,0.68,249.6,Map/Offsets,https://cgi.minorplanetcenter.net/cgi-bin/confirmeph2.cgi
20260523T054304Z,2026-05-23T05:43:04.624753Z,20260523T054304Z_batch01,P12nffX,2026-05-23T09:00:00Z,16 21 09.5,245.28958333333335,-20 56 51,-20.9475,174.8,21.7,0.68,249.7,Map/Offsets,https://cgi.minorplanetcenter.net/cgi-bin/confirmeph2.cgi
20260523T054304Z,2026-05-23T05:43:04.624753Z,20260523T054304Z_batch01,P12nffX,2026-05-23T10:00:00Z,16 21 06.7,245.2779166666667,-20 57 05,-20.95138888888889,174.9,21.7,0.68,249.7,Map/Offsets,https://cgi.minorplanetcenter.net/cgi-bin/confirmeph2.cgi
20260523T054304Z,2026-05-23T05:43:04.624753Z,20260523T054304Z_batch01,P12nffX,2026-05-23T11:00:00Z,16 21 04.0,245.26666666666668,-20 57 19,-20.955277777777777,174.9,21.7,0.68,249.7,Map/Offsets,https://cgi.minorplanetcenter.net/cgi-bin/confirmeph2.cgi
20260523T054304Z,2026-05-23T05:43:04.624753Z,20260523T054304Z_batch01,P12nffX,2026-05-23T12:00:00Z,16 21 01.2,245.25500000000002,-20 57 33,-20.959166666666665,175.0,21.7,0.68,249.7,Map/Offsets,https://cgi.minorplanetcenter.net/cgi-bin/confirmeph2.cgi
20260523T054304Z,2026-05-23T05:43:04.624753Z,20260523T054304Z_batch01,P12nffX,2026-05-23T13:00:00Z,16 20 58.5,245.24374999999998,-20 57 48,-20.96333333333333,175.0,21.7,0.68,249.7,Map/Offsets,https://cgi.minorplanetcenter.net/cgi-bin/confirmeph2.cgi
20260523T054304Z,2026-05-23T05:43:04.624753Z,20260523T054304Z_batch01,P12nffX,2026-05-23T14:00:00Z,16 20 55.8,245.23249999999996,-20 58 02,-20.96722222222222,175.1,21.7,0.68,249.7,Map/Offsets,https://cgi.minorplanetcenter.net/cgi-bin/confirmeph2.cgi
20260523T054304Z,2026-05-23T05:43:04.624753Z,20260523T054304Z_batch01,P12nffX,2026-05-23T15:00:00Z,16 20 53.0,245.2208333333333,-20 58 16,-20.97111111111111,175.2,21.7,0.68,249.7,Map/Offsets,https://cgi.minorplanetcenter.net/cgi-bin/confirmeph2.cgi
20260523T054304Z,2026-05-23T05:43:04.624753Z,20260523T054304Z_batch01,P12nffX,2026-05-23T16:00:00Z,16 20 50.3,245.2095833333333,-20 58 30,-20.974999999999998,175.2,21.7,0.68,249.7,Map/Offsets,https://cgi.minorplanetcenter.net/cgi-bin/confirmeph2.cgi
20260523T054304Z,2026-05-23T05:43:04.624753Z,20260523T054304Z_batch01,P12nffX,2026-05-23T17:00:00Z,16 20 47.5,245.19791666666666,-20 58 45,-20.979166666666664,175.3,21.7,0.68,249.7,Map/Offsets,https://cgi.minorplanetcenter.net/cgi-bin/confirmeph2.cgi
20260523T054304Z,2026-05-23T05:43:04.624753Z,20260523T054304Z_batch01,P12nffX,2026-05-23T18:00:00Z,16 20 44.8,245.18666666666664,-20 58 59,-20.983055555555556,175.3,21.7,0.68,249.7,Map/Offsets,https://cgi.minorplanetcenter.net/cgi-bin/confirmeph2.cgi
20260523T054304Z,2026-05-23T05:43:04.624753Z,20260523T054304Z_batch01,P12nffX,2026-05-23T19:00:00Z,16 20 42.0,245.17499999999998,-20 59 13,-20.986944444444447,175.4,21.7,0.69,249.7,Map/Offsets,https://cgi.minorplanetcenter.net/cgi-bin/confirmeph2.cgi
20260523T054304Z,2026-05-23T05:43:04.624753Z,20260523T054304Z_batch01,P12nffX,2026-05-23T20:00:00Z,16 20 39.2,245.16333333333333,-20 59 27,-20.990833333333335,175.4,21.7,0.69,249.7,Map/Offsets,https://cgi.minorplanetcenter.net/cgi-bin/confirmeph2.cgi
20260523T054304Z,2026-05-23T05:43:04.624753Z,20260523T054304Z_batch01,P12nffX,2026-05-23T21:00:00Z,16 20 36.5,245.1520833333333,-20 59 41,-20.994722222222222,175.5,21.7,0.69,249.7,Map/Offsets,https://cgi.minorplanetcenter.net/cgi-bin/confirmeph2.cgi
20260523T054304Z,2026-05-23T05:43:04.624753Z,20260523T054304Z_batch01,P12nffX,2026-05-23T22:00:00Z,16 20 33.7,245.14041666666665,-20 59 56,-20.99888888888889,175.5,21.7,0.69,249.8,Map/Offsets,https://cgi.minorplanetcenter.net/cgi-bin/confirmeph2.cgi
20260523T054304Z,2026-05-23T05:43:04.624753Z,20260523T054304Z_batch01,P12nffX,2026-05-23T23:00:00Z,16 20 31.0,245.12916666666666,-21 00 10,-21.002777777777776,175.6,21.7,0.69,249.8,Map/Offsets,https://cgi.minorplanetcenter.net/cgi-bin/confirmeph2.cgi
20260523T054304Z,2026-05-23T05:43:04.624753Z,20260523T054304Z_batch01,P12nffX,2026-05-24T00:00:00Z,16 20 28.2,245.1175,-21 00 24,-21.006666666666668,175.6,21.7,0.69,249.8,Map/Offsets,https://cgi.minorplanetcenter.net/cgi-bin/confirmeph2.cgi
20260523T054304Z,2026-05-23T05:43:04.624753Z,20260523T054304Z_batch01,P12nffX,2026-05-24T01:00:00Z,16 20 25.5,245.10625,-21 00 38,-21.010555555555555,175.7,21.7,0.69,249.8,Map/Offsets,https://cgi.minorplanetcenter.net/cgi-bin/confirmeph2.cgi
20260523T054304Z,2026-05-23T05:43:04.624753Z,20260523T054304Z_batch01,P12nffX,2026-05-24T02:00:00Z,16 20 22.7,245.09458333333333,-21 00 53,-21.014722222222222,175.7,21.7,0.69,249.8,Map/Offsets,https://cgi.minorplanetcenter.net/cgi-bin/confirmeph2.cgi
20260523T054304Z,2026-05-23T05:43:04.624753Z,20260523T054304Z_batch01,P12nffX,2026-05-24T03:00:00Z,16 20 19.9,245.08291666666668,-21 01 07,-21.01861111111111,175.8,21.7,0.69,249.8,Map/Offsets,https://cgi.minorplanetcenter.net/cgi-bin/confirmeph2.cgi
20260523T054304Z,2026-05-23T05:43:04.624753Z,20260523T054304Z_batch01,P12nffX,2026-05-24T04:00:00Z,16 20 17.2,245.07166666666666,-21 01 21,-21.022499999999997,175.8,21.7,0.69,249.8,Map/Offsets,https://cgi.minorplanetcenter.net/cgi-bin/confirmeph2.cgi
20260523T054304Z,2026-05-23T05:43:04.624753Z,20260523T054304Z_batch01,P12nfaz,2026-05-23T04:00:00Z,13 14 19.8,198.58249999999998,-28 06 06,-28.101666666666667,142.0,22.0,0.54,330.5,Map/Offsets,https://cgi.minorplanetcenter.net/cgi-bin/confirmeph2.cgi
20260523T054304Z,2026-05-23T05:43:04.624753Z,20260523T054304Z_batch01,P12nfaz,2026-05-23T05:00:00Z,13 14 18.6,198.5775,-28 05 37,-28.09361111111111,142.0,22.0,0.54,330.5,Map/Offsets,https://cgi.minorplanetcenter.net/cgi-bin/confirmeph2.cgi
20260523T054304Z,2026-05-23T05:43:04.624753Z,20260523T054304Z_batch01,P12nfaz,2026-05-23T06:00:00Z,13 14 17.4,198.5725,-28 05 09,-28.085833333333333,142.0,22.0,0.54,330.6,Map/Offsets,https://cgi.minorplanetcenter.net/cgi-bin/confirmeph2.cgi
20260523T054304Z,2026-05-23T05:43:04.624753Z,20260523T054304Z_batch01,P12nfaz,2026-05-23T07:00:00Z,13 14 16.2,198.5675,-28 04 40,-28.07777777777778,141.9,22.0,0.54,330.7,Map/Offsets,https://cgi.minorplanetcenter.net/cgi-bin/confirmeph2.cgi
20260523T054304Z,2026-05-23T05:43:04.624753Z,20260523T054304Z_batch01,P12nfaz,2026-05-23T08:00:00Z,13 14 15.0,198.56249999999997,-28 04 12,-28.07,141.9,22.0,0.54,330.7,Map/Offsets,https://cgi.minorplanetcenter.net/cgi-bin/confirmeph2.cgi
20260523T054304Z,2026-05-23T05:43:04.624753Z,20260523T054304Z_batch01,P12nfaz,2026-05-23T09:00:00Z,13 14 13.8,198.55749999999998,-28 03 44,-28.06222222222222,141.9,22.0,0.54,330.8,Map/Offsets,https://cgi.minorplanetcenter.net/cgi-bin/confirmeph2.cgi
20260523T054304Z,2026-05-23T05:43:04.624753Z,20260523T054304Z_batch01,P12nfaz,2026-05-23T10:00:00Z,13 14 12.6,198.5525,-28 03 15,-28.054166666666667,141.8,22.0,0.54,330.9,Map/Offsets,https://cgi.minorplanetcenter.net/cgi-bin/confirmeph2.cgi
20260523T054304Z,2026-05-23T05:43:04.624753Z,20260523T054304Z_batch01,P12nfaz,2026-05-23T11:00:00Z,13 14 11.4,198.54749999999999,-28 02 47,-28.04638888888889,141.8,22.0,0.54,330.9,Map/Offsets,https://cgi.minorplanetcenter.net/cgi-bin/confirmeph2.cgi
20260523T054304Z,2026-05-23T05:43:04.624753Z,20260523T054304Z_batch01,P12nfaz,2026-05-23T12:00:00Z,13 14 10.2,198.5425,-28 02 18,-28.038333333333334,141.7,22.0,0.54,331.0,Map/Offsets,https://cgi.minorplanetcenter.net/cgi-bin/confirmeph2.cgi
20260523T054304Z,2026-05-23T05:43:04.624753Z,20260523T054304Z_batch01,P12nfaz,2026-05-23T13:00:00Z,13 14 09.0,198.53749999999997,-28 01 50,-28.030555555555555,141.7,22.0,0.54,331.1,Map/Offsets,https://cgi.minorplanetcenter.net/cgi-bin/confirmeph2.cgi
20260523T054304Z,2026-05-23T05:43:04.624753Z,20260523T054304Z_batch01,P12nfaz,2026-05-23T14:00:00Z,13 14 07.8,198.5325,-28 01 22,-28.022777777777776,141.7,22.0,0.54,331.1,Map/Offsets,https://cgi.minorplanetcenter.net/cgi-bin/confirmeph2.cgi
20260523T054304Z,2026-05-23T05:43:04.624753Z,20260523T054304Z_batch01,P12nfaz,2026-05-23T15:00:00Z,13 14 06.7,198.52791666666667,-28 00 53,-28.014722222222222,141.6,22.0,0.54,331.2,Map/Offsets,https://cgi.minorplanetcenter.net/cgi-bin/confirmeph2.cgi
20260523T054304Z,2026-05-23T05:43:04.624753Z,20260523T054304Z_batch01,P12nfaz,2026-05-23T16:00:00Z,13 14 05.5,198.52291666666665,-28 00 25,-28.006944444444443,141.6,22.0,0.54,331.3,Map/Offsets,https://cgi.minorplanetcenter.net/cgi-bin/confirmeph2.cgi
20260523T054304Z,2026-05-23T05:43:04.624753Z,20260523T054304Z_batch01,P12nfaz,2026-05-23T17:00:00Z,13 14 04.3,198.51791666666665,-27 59 57,-27.999166666666667,141.5,22.0,0.54,331.3,Map/Offsets,https://cgi.minorplanetcenter.net/cgi-bin/confirmeph2.cgi
20260523T054304Z,2026-05-23T05:43:04.624753Z,20260523T054304Z_batch01,P12nfaz,2026-05-23T18:00:00Z,13 14 03.1,198.51291666666665,-27 59 28,-27.991111111111113,141.5,22.0,0.54,331.4,Map/Offsets,https://cgi.minorplanetcenter.net/cgi-bin/confirmeph2.cgi
20260523T054304Z,2026-05-23T05:43:04.624753Z,20260523T054304Z_batch01,P12nfaz,2026-05-23T19:00:00Z,13 14 02.0,198.50833333333333,-27 59 00,-27.983333333333334,141.5,22.0,0.54,331.5,Map/Offsets,https://cgi.minorplanetcenter.net/cgi-bin/confirmeph2.cgi
20260523T054304Z,2026-05-23T05:43:04.624753Z,20260523T054304Z_batch01,P12nfaz,2026-05-23T20:00:00Z,13 14 00.8,198.50333333333333,-27 58 31,-27.975277777777777,141.4,22.0,0.54,331.5,Map/Offsets,https://cgi.minorplanetcenter.net/cgi-bin/confirmeph2.cgi
20260523T054304Z,2026-05-23T05:43:04.624753Z,20260523T054304Z_batch01,P12nfaz,2026-05-23T21:00:00Z,13 13 59.6,198.49833333333333,-27 58 03,-27.967499999999998,141.4,22.0,0.54,331.6,Map/Offsets,https://cgi.minorplanetcenter.net/cgi-bin/confirmeph2.cgi
20260523T054304Z,2026-05-23T05:43:04.624753Z,20260523T054304Z_batch01,P12nfaz,2026-05-23T22:00:00Z,13 13 58.5,198.49375,-27 57 35,-27.959722222222222,141.4,22.0,0.54,331.6,Map/Offsets,https://cgi.minorplanetcenter.net/cgi-bin/confirmeph2.cgi
20260523T054304Z,2026-05-23T05:43:04.624753Z,20260523T054304Z_batch01,P12nfaz,2026-05-23T23:00:00Z,13 13 57.3,198.48875,-27 57 06,-27.951666666666664,141.3,22.0,0.54,331.7,Map/Offsets,https://cgi.minorplanetcenter.net/cgi-bin/confirmeph2.cgi
20260523T054304Z,2026-05-23T05:43:04.624753Z,20260523T054304Z_batch01,P12nfaz,2026-05-24T00:00:00Z,13 13 56.2,198.48416666666668,-27 56 38,-27.94388888888889,141.3,22.0,0.54,331.8,Map/Offsets,https://cgi.minorplanetcenter.net/cgi-bin/confirmeph2.cgi
20260523T054304Z,2026-05-23T05:43:04.624753Z,20260523T054304Z_batch01,P12nfaz,2026-05-24T01:00:00Z,13 13 55.0,198.47916666666666,-27 56 09,-27.935833333333335,141.2,22.0,0.54,331.8,Map/Offsets,https://cgi.minorplanetcenter.net/cgi-bin/confirmeph2.cgi
20260523T054304Z,2026-05-23T05:43:04.624753Z,20260523T054304Z_batch01,P12nfaz,2026-05-24T02:00:00Z,13 13 53.9,198.47458333333336,-27 55 41,-27.928055555555556,141.2,22.0,0.54,331.9,Map/Offsets,https://cgi.minorplanetcenter.net/cgi-bin/confirmeph2.cgi
20260523T054304Z,2026-05-23T05:43:04.624753Z,20260523T054304Z_batch01,P12nfaz,2026-05-24T03:00:00Z,13 13 52.7,198.46958333333333,-27 55 13,-27.92027777777778,141.2,22.0,0.54,332.0,Map/Offsets,https://cgi.minorplanetcenter.net/cgi-bin/confirmeph2.cgi
20260523T054304Z,2026-05-23T05:43:04.624753Z,20260523T054304Z_batch01,P12nfaz,2026-05-24T04:00:00Z,13 13 51.6,198.465,-27 54 44,-27.91222222222222,141.1,22.0,0.54,332.0,Map/Offsets,https://cgi.minorplanetcenter.net/cgi-bin/confirmeph2.cgi
20260523T054304Z,2026-05-23T05:43:04.624753Z,20260523T054304Z_batch01,NAOCAN7,2026-05-23T04:00:00Z,15 16 38.9,229.16208333333333,-21 49 26,-21.823888888888888,170.2,20.7,0.08,142.8,Map/Offsets,https://cgi.minorplanetcenter.net/cgi-bin/confirmeph2.cgi
20260523T054304Z,2026-05-23T05:43:04.624753Z,20260523T054304Z_batch01,NAOCAN7,2026-05-23T05:00:00Z,15 16 39.1,229.1629166666667,-21 49 30,-21.825,170.2,20.7,0.08,142.6,Map/Offsets,https://cgi.minorplanetcenter.net/cgi-bin/confirmeph2.cgi
20260523T054304Z,2026-05-23T05:43:04.624753Z,20260523T054304Z_batch01,NAOCAN7,2026-05-23T06:00:00Z,15 16 39.3,229.16375000000002,-21 49 34,-21.82611111111111,170.1,20.7,0.08,142.4,Map/Offsets,https://cgi.minorplanetcenter.net/cgi-bin/confirmeph2.cgi
20260523T054304Z,2026-05-23T05:43:04.624753Z,20260523T054304Z_batch01,NAOCAN7,2026-05-23T07:00:00Z,15 16 39.5,229.16458333333333,-21 49 38,-21.827222222222222,170.1,20.7,0.08,142.2,Map/Offsets,https://cgi.minorplanetcenter.net/cgi-bin/confirmeph2.cgi
20260523T054304Z,2026-05-23T05:43:04.624753Z,20260523T054304Z_batch01,NAOCAN7,2026-05-23T08:00:00Z,15 16 39.8,229.16583333333335,-21 49 42,-21.828333333333333,170.0,20.7,0.08,142.0,Map/Offsets,https://cgi.minorplanetcenter.net/cgi-bin/confirmeph2.cgi
20260523T054304Z,2026-05-23T05:43:04.624753Z,20260523T054304Z_batch01,NAOCAN7,2026-05-23T09:00:00Z,15 16 40.0,229.16666666666669,-21 49 46,-21.829444444444444,170.0,20.8,0.08,141.8,Map/Offsets,https://cgi.minorplanetcenter.net/cgi-bin/confirmeph2.cgi
20260523T054304Z,2026-05-23T05:43:04.624753Z,20260523T054304Z_batch01,NAOCAN7,2026-05-23T10:00:00Z,15 16 40.2,229.16750000000002,-21 49 50,-21.830555555555556,170.0,20.8,0.08,141.6,Map/Offsets,https://cgi.minorplanetcenter.net/cgi-bin/confirmeph2.cgi
20260523T054304Z,2026-05-23T05:43:04.624753Z,20260523T054304Z_batch01,NAOCAN7,2026-05-23T11:00:00Z,15 16 40.4,229.16833333333335,-21 49 53,-21.83138888888889,169.9,20.8,0.08,141.4,Map/Offsets,https://cgi.minorplanetcenter.net/cgi-bin/confirmeph2.cgi
20260523T054304Z,2026-05-23T05:43:04.624753Z,20260523T054304Z_batch01,NAOCAN7,2026-05-23T12:00:00Z,15 16 40.6,229.16916666666668,-21 49 57,-21.8325,169.9,20.8,0.08,141.2,Map/Offsets,https://cgi.minorplanetcenter.net/cgi-bin/confirmeph2.cgi
20260523T054304Z,2026-05-23T05:43:04.624753Z,20260523T054304Z_batch01,NAOCAN7,2026-05-23T13:00:00Z,15 16 40.9,229.17041666666668,-21 50 01,-21.83361111111111,169.9,20.8,0.08,141.0,Map/Offsets,https://cgi.minorplanetcenter.net/cgi-bin/confirmeph2.cgi
20260523T054304Z,2026-05-23T05:43:04.624753Z,20260523T054304Z_batch01,NAOCAN7,2026-05-23T14:00:00Z,15 16 41.1,229.17125000000001,-21 50 05,-21.834722222222222,169.8,20.8,0.08,140.8,Map/Offsets,https://cgi.minorplanetcenter.net/cgi-bin/confirmeph2.cgi
20260523T054304Z,2026-05-23T05:43:04.624753Z,20260523T054304Z_batch01,NAOCAN7,2026-05-23T15:00:00Z,15 16 41.3,229.17208333333335,-21 50 09,-21.835833333333333,169.8,20.8,0.08,140.6,Map/Offsets,https://cgi.minorplanetcenter.net/cgi-bin/confirmeph2.cgi
20260523T054304Z,2026-05-23T05:43:04.624753Z,20260523T054304Z_batch01,NAOCAN7,2026-05-23T16:00:00Z,15 16 41.5,229.17291666666668,-21 50 13,-21.836944444444445,169.7,20.8,0.08,140.4,Map/Offsets,https://cgi.minorplanetcenter.net/cgi-bin/confirmeph2.cgi
20260523T054304Z,2026-05-23T05:43:04.624753Z,20260523T054304Z_batch01,NAOCAN7,2026-05-23T17:00:00Z,15 16 41.8,229.17416666666668,-21 50 17,-21.838055555555556,169.7,20.8,0.08,140.3,Map/Offsets,https://cgi.minorplanetcenter.net/cgi-bin/confirmeph2.cgi
20260523T054304Z,2026-05-23T05:43:04.624753Z,20260523T054304Z_batch01,NAOCAN7,2026-05-23T18:00:00Z,15 16 42.0,229.175,-21 50 21,-21.839166666666664,169.7,20.8,0.08,140.1,Map/Offsets,https://cgi.minorplanetcenter.net/cgi-bin/confirmeph2.cgi
20260523T054304Z,2026-05-23T05:43:04.624753Z,20260523T054304Z_batch01,NAOCAN7,2026-05-23T19:00:00Z,15 16 42.2,229.17583333333334,-21 50 24,-21.84,169.6,20.8,0.08,139.9,Map/Offsets,https://cgi.minorplanetcenter.net/cgi-bin/confirmeph2.cgi
20260523T054304Z,2026-05-23T05:43:04.624753Z,20260523T054304Z_batch01,NAOCAN7,2026-05-23T20:00:00Z,15 16 42.5,229.17708333333334,-21 50 28,-21.84111111111111,169.6,20.8,0.08,139.7,Map/Offsets,https://cgi.minorplanetcenter.net/cgi-bin/confirmeph2.cgi
20260523T054304Z,2026-05-23T05:43:04.624753Z,20260523T054304Z_batch01,NAOCAN7,2026-05-23T21:00:00Z,15 16 42.7,229.17791666666668,-21 50 32,-21.842222222222222,169.6,20.8,0.08,139.5,Map/Offsets,https://cgi.minorplanetcenter.net/cgi-bin/confirmeph2.cgi
20260523T054304Z,2026-05-23T05:43:04.624753Z,20260523T054304Z_batch01,NAOCAN7,2026-05-23T22:00:00Z,15 16 42.9,229.17875,-21 50 36,-21.843333333333334,169.5,20.8,0.08,139.3,Map/Offsets,https://cgi.minorplanetcenter.net/cgi-bin/confirmeph2.cgi
20260523T054304Z,2026-05-23T05:43:04.624753Z,20260523T054304Z_batch01,NAOCAN7,2026-05-23T23:00:00Z,15 16 43.2,229.18,-21 50 40,-21.844444444444445,169.5,20.8,0.08,139.1,Map/Offsets,https://cgi.minorplanetcenter.net/cgi-bin/confirmeph2.cgi
20260523T054304Z,2026-05-23T05:43:04.624753Z,20260523T054304Z_batch01,NAOCAN7,2026-05-24T00:00:00Z,15 16 43.4,229.18083333333334,-21 50 44,-21.845555555555553,169.5,20.8,0.09,138.9,Map/Offsets,https://cgi.minorplanetcenter.net/cgi-bin/confirmeph2.cgi
20260523T054304Z,2026-05-23T05:43:04.624753Z,20260523T054304Z_batch01,NAOCAN7,2026-05-24T01:00:00Z,15 16 43.7,229.18208333333334,-21 50 47,-21.84638888888889,169.4,20.8,0.09,138.7,Map/Offsets,https://cgi.minorplanetcenter.net/cgi-bin/confirmeph2.cgi
20260523T054304Z,2026-05-23T05:43:04.624753Z,20260523T054304Z_batch01,NAOCAN7,2026-05-24T02:00:00Z,15 16 43.9,229.1829166666667,-21 50 51,-21.8475,169.4,20.8,0.09,138.6,Map/Offsets,https://cgi.minorplanetcenter.net/cgi-bin/confirmeph2.cgi
20260523T054304Z,2026-05-23T05:43:04.624753Z,20260523T054304Z_batch01,NAOCAN7,2026-05-24T03:00:00Z,15 16 44.2,229.18416666666667,-21 50 55,-21.84861111111111,169.3,20.8,0.09,138.4,Map/Offsets,https://cgi.minorplanetcenter.net/cgi-bin/confirmeph2.cgi
20260523T054304Z,2026-05-23T05:43:04.624753Z,20260523T054304Z_batch01,NAOCAN7,2026-05-24T04:00:00Z,15 16 44.4,229.18500000000003,-21 50 59,-21.849722222222223,169.3,20.8,0.09,138.2,Map/Offsets,https://cgi.minorplanetcenter.net/cgi-bin/confirmeph2.cgi
20260523T054304Z,2026-05-23T05:43:04.624753Z,20260523T054304Z_batch01,KPMa1Ih,2026-05-23T04:00:00Z,11 07 26.5,166.86041666666668,-26 55 49,-26.93027777777778,114.0,23.3,1.12,181.3,Map/Offsets,https://cgi.minorplanetcenter.net/cgi-bin/confirmeph2.cgi
20260523T054304Z,2026-05-23T05:43:04.624753Z,20260523T054304Z_batch01,KPMa1Ih,2026-05-23T05:00:00Z,11 07 26.4,166.86,-26 56 56,-26.948888888888888,114.0,23.3,1.12,181.3,Map/Offsets,https://cgi.minorplanetcenter.net/cgi-bin/confirmeph2.cgi
20260523T054304Z,2026-05-23T05:43:04.624753Z,20260523T054304Z_batch01,KPMa1Ih,2026-05-23T06:00:00Z,11 07 26.3,166.85958333333335,-26 58 03,-26.967499999999998,113.9,23.3,1.12,181.2,Map/Offsets,https://cgi.minorplanetcenter.net/cgi-bin/confirmeph2.cgi
20260523T054304Z,2026-05-23T05:43:04.624753Z,20260523T054304Z_batch01,KPMa1Ih,2026-05-23T07:00:00Z,11 07 26.2,166.85916666666668,-26 59 10,-26.98611111111111,113.9,23.3,1.12,181.1,Map/Offsets,https://cgi.minorplanetcenter.net/cgi-bin/confirmeph2.cgi
20260523T054304Z,2026-05-23T05:43:04.624753Z,20260523T054304Z_batch01,KPMa1Ih,2026-05-23T08:00:00Z,11 07 26.1,166.85875000000001,-27 00 18,-27.005,113.9,23.3,1.12,181.1,Map/Offsets,https://cgi.minorplanetcenter.net/cgi-bin/confirmeph2.cgi
20260523T054304Z,2026-05-23T05:43:04.624753Z,20260523T054304Z_batch01,KPMa1Ih,2026-05-23T09:00:00Z,11 07 26.0,166.85833333333332,-27 01 25,-27.02361111111111,113.8,23.3,1.12,181.0,Map/Offsets,https://cgi.minorplanetcenter.net/cgi-bin/confirmeph2.cgi
20260523T054304Z,2026-05-23T05:43:04.624753Z,20260523T054304Z_batch01,KPMa1Ih,2026-05-23T10:00:00Z,11 07 25.9,166.85791666666665,-27 02 32,-27.042222222222225,113.8,23.3,1.12,180.9,Map/Offsets,https://cgi.minorplanetcenter.net/cgi-bin/confirmeph2.cgi
20260523T054304Z,2026-05-23T05:43:04.624753Z,20260523T054304Z_batch01,KPMa1Ih,2026-05-23T11:00:00Z,11 07 25.8,166.85750000000002,-27 03 39,-27.060833333333335,113.8,23.3,1.12,180.9,Map/Offsets,https://cgi.minorplanetcenter.net/cgi-bin/confirmeph2.cgi
20260523T054304Z,2026-05-23T05:43:04.624753Z,20260523T054304Z_batch01,KPMa1Ih,2026-05-23T12:00:00Z,11 07 25.7,166.85708333333335,-27 04 46,-27.079444444444444,113.7,23.3,1.12,180.8,Map/Offsets,https://cgi.minorplanetcenter.net/cgi-bin/confirmeph2.cgi
20260523T054304Z,2026-05-23T05:43:04.624753Z,20260523T054304Z_batch01,KPMa1Ih,2026-05-23T13:00:00Z,11 07 25.7,166.85708333333335,-27 05 53,-27.098055555555554,113.7,23.3,1.11,180.8,Map/Offsets,https://cgi.minorplanetcenter.net/cgi-bin/confirmeph2.cgi
20260523T054304Z,2026-05-23T05:43:04.624753Z,20260523T054304Z_batch01,KPMa1Ih,2026-05-23T14:00:00Z,11 07 25.6,166.85666666666668,-27 06 59,-27.116388888888892,113.7,23.3,1.11,180.7,Map/Offsets,https://cgi.minorplanetcenter.net/cgi-bin/confirmeph2.cgi
20260523T054304Z,2026-05-23T05:43:04.624753Z,20260523T054304Z_batch01,KPMa1Ih,2026-05-23T15:00:00Z,11 07 25.5,166.85625000000002,-27 08 06,-27.134999999999998,113.7,23.3,1.11,180.6,Map/Offsets,https://cgi.minorplanetcenter.net/cgi-bin/confirmeph2.cgi
20260523T054304Z,2026-05-23T05:43:04.624753Z,20260523T054304Z_batch01,KPMa1Ih,2026-05-23T16:00:00Z,11 07 25.5,166.85625000000002,-27 09 13,-27.15361111111111,113.6,23.3,1.11,180.6,Map/Offsets,https://cgi.minorplanetcenter.net/cgi-bin/confirmeph2.cgi
20260523T054304Z,2026-05-23T05:43:04.624753Z,20260523T054304Z_batch01,KPMa1Ih,2026-05-23T17:00:00Z,11 07 25.4,166.85583333333332,-27 10 20,-27.172222222222224,113.6,23.3,1.11,180.5,Map/Offsets,https://cgi.minorplanetcenter.net/cgi-bin/confirmeph2.cgi
20260523T054304Z,2026-05-23T05:43:04.624753Z,20260523T054304Z_batch01,KPMa1Ih,2026-05-23T18:00:00Z,11 07 25.4,166.85583333333332,-27 11 26,-27.190555555555555,113.6,23.3,1.11,180.4,Map/Offsets,https://cgi.minorplanetcenter.net/cgi-bin/confirmeph2.cgi
20260523T054304Z,2026-05-23T05:43:04.624753Z,20260523T054304Z_batch01,KPMa1Ih,2026-05-23T19:00:00Z,11 07 25.4,166.85583333333332,-27 12 33,-27.209166666666665,113.5,23.3,1.11,180.4,Map/Offsets,https://cgi.minorplanetcenter.net/cgi-bin/confirmeph2.cgi
20260523T054304Z,2026-05-23T05:43:04.624753Z,20260523T054304Z_batch01,KPMa1Ih,2026-05-23T20:00:00Z,11 07 25.3,166.85541666666666,-27 13 39,-27.2275,113.5,23.4,1.11,180.3,Map/Offsets,https://cgi.minorplanetcenter.net/cgi-bin/confirmeph2.cgi
20260523T054304Z,2026-05-23T05:43:04.624753Z,20260523T054304Z_batch01,KPMa1Ih,2026-05-23T21:00:00Z,11 07 25.3,166.85541666666666,-27 14 46,-27.246111111111112,113.5,23.4,1.11,180.3,Map/Offsets,https://cgi.minorplanetcenter.net/cgi-bin/confirmeph2.cgi
20260523T054304Z,2026-05-23T05:43:04.624753Z,20260523T054304Z_batch01,KPMa1Ih,2026-05-23T22:00:00Z,11 07 25.3,166.85541666666666,-27 15 52,-27.264444444444443,113.4,23.4,1.11,180.2,Map/Offsets,https://cgi.minorplanetcenter.net/cgi-bin/confirmeph2.cgi
20260523T054304Z,2026-05-23T05:43:04.624753Z,20260523T054304Z_batch01,KPMa1Ih,2026-05-23T23:00:00Z,11 07 25.3,166.85541666666666,-27 16 58,-27.282777777777778,113.4,23.4,1.11,180.1,Map/Offsets,https://cgi.minorplanetcenter.net/cgi-bin/confirmeph2.cgi
20260523T054304Z,2026-05-23T05:43:04.624753Z,20260523T054304Z_batch01,KPMa1Ih,2026-05-24T00:00:00Z,11 07 25.3,166.85541666666666,-27 18 05,-27.30138888888889,113.4,23.4,1.1,180.1,Map/Offsets,https://cgi.minorplanetcenter.net/cgi-bin/confirmeph2.cgi
20260523T054304Z,2026-05-23T05:43:04.624753Z,20260523T054304Z_batch01,KPMa1Ih,2026-05-24T01:00:00Z,11 07 25.3,166.85541666666666,-27 19 11,-27.31972222222222,113.4,23.4,1.1,180.0,Map/Offsets,https://cgi.minorplanetcenter.net/cgi-bin/confirmeph2.cgi
20260523T054304Z,2026-05-23T05:43:04.624753Z,20260523T054304Z_batch01,KPMa1Ih,2026-05-24T02:00:00Z,11 07 25.3,166.85541666666666,-27 20 17,-27.338055555555556,113.3,23.4,1.1,179.9,Map/Offsets,https://cgi.minorplanetcenter.net/cgi-bin/confirmeph2.cgi
20260523T054304Z,2026-05-23T05:43:04.624753Z,20260523T054304Z_batch01,KPMa1Ih,2026-05-24T03:00:00Z,11 07 25.3,166.85541666666666,-27 21 23,-27.35638888888889,113.3,23.4,1.1,179.9,Map/Offsets,https://cgi.minorplanetcenter.net/cgi-bin/confirmeph2.cgi
20260523T054304Z,2026-05-23T05:43:04.624753Z,20260523T054304Z_batch01,KPMa1Ih,2026-05-24T04:00:00Z,11 07 25.3,166.85541666666666,-27 22 29,-27.37472222222222,113.3,23.4,1.1,179.8,Map/Offsets,https://cgi.minorplanetcenter.net/cgi-bin/confirmeph2.cgi
